campo,activo,meses_inactivo,operadora,departamento,latitud,longitud,meses_historia,bpd_medio,bpd_ultimo,bpd_pico,madurez,declinacion_anual_pct,arps_b,arps_tipo,arps_exito,volatilidad,meses_sin_produccion
ABANICO,True,0,ECOPETROL S.A.,TOLIMA,4.219056,-74.88020793,147,531.728722567421,331.25354838709677,1114.892857142857,0.29711693483802765,0.33525692947647956,4.745053168814196e-07,exponencial,True,0.10892512691469199,0
ABARCO,False,7,ECOPETROL S.A.,BOYACA,6.14838639,-74.55054922,140,3396.07658912397,1331.9032258064517,7254.741935483871,0.1835907104141007,5.612885918142673,0.0,exponencial,True,0.08385815081718434,0
ABEJAS,True,0,PERENCO COLOMBIA LIMITED,CASANARE,5.558268548,-71.15906959,140,798.551504793686,2909.074838709678,2999.311612903226,0.9699141717034856,0.001199992800038352,1.0,armónica,True,0.5621109224335824,0
ACACIA ESTE,False,71,SAN AGUSTIN ENERGY CORP SUCURSAL COLOMBIA,SANTANDER,6.371983001,-74.411411,59,4.818860162982634,0.5666666666666667,10.133333333333333,0.05592105263157895,0.001199992800038352,1.0,armónica,True,0.41185205704250727,0
ACAE SAN MIGUEL,False,5,ECOPETROL S.A.,PUTUMAYO,0.2949802459607843,-76.90753110568627,142,1406.3805858883372,717.9032258064516,3102.1290322580644,0.231422748164632,20.519818495769606,0.9999999999999999,armónica,True,0.20005869940323917,0
ACORDIONERO,True,0,GRAN TIERRA ENERGY COLOMBIA GMBH SUCURSAL COLOMBIA,CESAR,7.945521262,-73.56929489,146,12075.72476822838,10120.688387096776,22186.566666666666,0.4561628907776076,14.39040892938186,0.0,exponencial,True,0.19018187625933966,0
ADALIA,True,0,PAREX RESOURCES COLOMBIA LTD. SUCURSAL,CASANARE,5.103673408,-71.10090414,143,466.39696273415126,138.35967741935482,1725.0333333333333,0.08020695875597852,2.5295802159842395,0.0,exponencial,True,0.32920925813106056,0
AGAPANTO,False,39,EMERALD ENERGY PLC SUCURSAL COLOMBIA,PUTUMAYO,0.83872655,-76.57542493,63,158.6832154564953,105.90322580645162,326.46666666666664,0.32439215582944136,9.043812089402847,0.9999999999999996,armónica,True,0.6756495217841103,0
AGAVE,False,21,LEWIS ENERGY COLOMBIA INC,CASANARE,5.35459499,-71.26548274,34,39.82265721639045,0.1,444.0967741935484,0.00022517614585603255,27.818027229542142,1.0291318708636685e-07,exponencial,True,1.570387910426928,0
AGUAS BLANCAS,True,0,PAREX RESOURCES COLOMBIA LTD. SUCURSAL,SANTANDER,6.81604418,-73.78599142,142,177.5198215246242,82.2267741935484,1008.0645161290323,0.08156896,39.31400879516181,0.9999999999992608,armónica,True,0.8455518713787081,0
AKACIAS,True,0,ECOPETROL S.A.,META,3.949549818,-73.72589044,137,14452.710728171685,30282.345161290323,30282.345161290323,1.0,0.0011999928000272497,1.0,armónica,True,0.8641365893425885,0
AKIRA,True,0,VERANO ENERGY (SWITZERLAND) AG SUCURSAL,CASANARE,4.351915681,-72.70796792,147,2082.9406190083423,1626.9270967741934,4399.032258064516,0.3698375009166239,16.1773369301763,0.0,exponencial,True,0.23355227272220164,0
ALEPE,True,0,OIRU CORPORATION,CASANARE,4.792115796,-71.58381426,144,117.37726137783163,42.94387096774194,235.36666666666667,0.1824551945945699,8.424123979058395,0.0,exponencial,True,0.24248155427652213,0
ALMAGRO,False,41,IBEROAMERICANA DE HIDROCARBUROS ENERGY COLOMBIA S.A.S,META,3.900245012,-72.65874228,106,403.7761386815939,258.51612903225805,715.3666666666667,0.36137569875437964,29.112820871128886,1.0,armónica,True,0.1496820234369051,0
ALQAMARI,True,0,ECOPETROL S.A.,PUTUMAYO,0.5500763387,-77.09489437,25,549.4359101382489,404.33774193548385,800.5483870967741,0.5050759559979047,5.410055460659368,0.0,exponencial,True,0.22431716013432734,0
ALTAIR,False,96,INTEROIL COLOMBIA EXPLORATION AND PRODUCTION ANTES MERCANTILE COLOMBIA OIL AND GAS MCOG,CASANARE,5.098926794,-71.36775386,51,76.05303771490057,36.03225806451613,136.16129032258064,0.2646292347784885,30.44517297401985,0.49312350396410937,hiperbólica,True,0.18206504481195485,0
ALVA SUR,True,0,OIRU CORPORATION,CASANARE,4.837758308,-71.52884786,107,159.382128882262,211.11290322580646,686.0,0.3077447568889307,18.29625311208516,0.19447670988222254,hiperbólica,True,0.747670024170981,0
AMBAR,False,88,"FRONTERA ENERGY COLOMBIA CORP., SUCURSAL COLOMBIA",META,4.035341062,-71.42315795,59,2063.14867532843,1959.4,3549.766666666667,0.5519799423436282,12.864238143467887,0.9999999999999922,armónica,True,0.08671346846488491,0
AMBROSÍA,True,0,INTEROIL COLOMBIA EXPLORATION AND PRODUCTION ANTES MERCANTILE COLOMBIA OIL AND GAS MCOG,TOLIMA,4.614731,-74.867885,146,31.42658215949156,19.877741935483872,49.935483870967744,0.39806847545219637,12.8504704106718,0.0,exponencial,True,0.4061603937603657,0
ANDALUCIA,False,65,HOCOL S.A.,HUILA,3.16033772,-75.13595003,82,64.08456082316265,32.38709677419355,106.83333333333333,0.30315535202053245,0.0011999928000494542,1.0,armónica,True,0.21259270498331548,0
ANDALUZ,True,0,TOC ENERGIA SUCURSAL COLOMBIA,CASANARE,5.917866703,-71.01881323,100,106.3319618888712,40.55,345.19354838709677,0.11747032987571254,57.78891583770478,1.0,armónica,True,0.498429028775015,0
ANDARRIOS,False,65,"FRONTERA ENERGY COLOMBIA CORP., SUCURSAL COLOMBIA",CASANARE,4.814914558,-71.66691122,82,219.70680227352887,15.0,1170.6451612903227,0.01281344723064205,39.436787334554545,0.0,exponencial,True,0.27121973371829705,0
ANDINA,True,0,PAREX RESOURCES COLOMBIA LTD. SUCURSAL,ARAUCA,6.597814019,-71.75083308,88,4639.8084807629575,5783.94129032258,8937.935483870968,0.6471227388875254,5.613695611503832,0.9999999999993487,armónica,True,0.4263356219032092,0
ANGIE,False,22,SAINT AUBIN INTERNATIONAL SAS,SANTANDER,6.3950657,-73.88092037,56,46.73869416509651,24.129032258064516,129.29032258064515,0.18662674650698605,23.103450787267054,0.35447395645199214,hiperbólica,True,0.12405869902530194,0
APIAY,True,0,ECOPETROL S.A.,META,4.029085964,-73.43828562,146,3354.3204154884716,2754.925483870968,6018.290322580645,0.45775882122776274,0.0011999928000716586,0.999999999999932,armónica,True,0.08007392931079689,0
APIAY ESTE,True,0,ECOPETROL S.A.,META,4.073692161,-73.37561582,146,491.28243541058515,324.89193548387095,1425.6774193548388,0.2278860077835098,4.816078459281914,0.0,exponencial,True,0.19478451539123476,0
ARAGUATO,True,0,SIERRACOL ENERGY ARAUCA LLC,ARAUCA,6.913722292,-71.17489319,144,105.73040743021346,18.65741935483871,299.5806451612903,0.06227845375255734,43.12664085574349,0.16666072985113853,hiperbólica,True,0.44320275692589456,0
ARAUCA,True,0,PAREX RESOURCES COLOMBIA LTD. SUCURSAL,ARAUCA,6.976550697,-71.8167328,67,293.1709590989119,169.90225806451613,3468.733333333333,0.04898106649819804,0.0011999928000272497,1.0,armónica,True,0.915096917706995,0
ARAUCO,False,43,"FRONTERA ENERGY COLOMBIA CORP., SUCURSAL COLOMBIA",CASANARE,5.25395734,-71.3773565,102,87.45549832836357,3.5806451612903225,299.6774193548387,0.011948331539289559,47.22147783784661,0.9999999999999999,armónica,True,0.5100187282796843,0
ARDILLA,False,76,PETROMINERALES COLOMBIA LTD SUCURSAL COLOMBIA,META,4.350022369,-72.97019176,61,1417.5212344968254,2523.866666666667,3237.7419354838707,0.7795144631530007,0.0011999928000272497,1.0,armónica,True,0.4088341010959771,0
AREA TECA-COCORNA,True,0,ECOPETROL S.A.,ANTIOQUIA,6.032039,-74.611941,147,1441.9296203336462,1320.3112903225806,1945.483870967742,0.6786544519980102,1.0346161739228643,1.0,armónica,True,0.08610194644625231,0
ARRAYÁN,True,0,ECOPETROL S.A.,HUILA,3.176373689,-75.2697708,147,640.7683382644864,182.0106451612903,2067.9032258064517,0.08801700335387254,15.138872362772894,1.0,armónica,True,0.1817581163134781,0
ARRECIFE,False,5,HOCOL S.A.,CORDOBA,8.481987661111111,-75.4316676320635,63,0.5836886874388861,0.16129032258064516,2.066666666666667,0.07804370447450572,48.53298375127205,0.7493919886861089,hiperbólica,True,0.7985890827940785,0
ATARRAYA,False,72,TECPETROL COLOMBIA SAS,META,4.22029758,-71.8295026,75,595.0924989671063,153.32258064516128,1860.857142857143,0.08239352560387908,20.69267745697464,0.14747952652991544,hiperbólica,True,0.06730961676595988,0
AULLADOR,True,0,ECOPETROL S.A.,SANTANDER,7.590212961,-73.63198237,140,336.834404514086,321.8635483870968,715.5483870967741,0.44981381300153284,3.9043775596737884,0.0,exponencial,True,0.48693760877308534,0
AUSTRAL,True,0,ECOPETROL S.A.,META,4.019438457,-73.45480356,139,213.96700082997324,226.4232258064516,674.8709677419355,0.33550595095836716,0.0011999928000272497,1.0,armónica,True,0.5202159462928817,0
AVISPA,False,76,PETROMINERALES COLOMBIA LTD SUCURSAL COLOMBIA,META,4.334495407,-72.96994112,68,7822.141324355104,4764.2,12845.233333333334,0.37089244518719006,31.105810332724904,0.0,exponencial,True,0.42337847324768185,0
AZAFRÁN,True,0,MONTAJES JM S.A.  - EN REORGANIZACION,CASANARE,5.392442,-71.332904,95,335.09925916710574,99.66935483870968,915.3225806451613,0.1088898678414097,20.196042676073557,0.0,exponencial,True,0.8658549332167522,0
AZOGUE,True,0,VERANO ENERGY (SWITZERLAND) AG SUCURSAL,CASANARE,4.51288633,-72.6610557,72,1764.0484332532915,5091.297741935484,9076.768387096774,0.5609152426069502,0.0011999928071992905,1.0,armónica,True,0.6946565543118541,0
AZOR,False,18,"FRONTERA ENERGY COLOMBIA CORP., SUCURSAL COLOMBIA",CASANARE,5.52946285,-71.11206093,129,362.3410058384875,28.233333333333334,1316.1612903225807,0.021451271619159662,63.87238847661083,0.999999999999265,armónica,True,0.7936482401309689,0
BACANO,True,0,VERANO ENERGY (SWITZERLAND) AG SUCURSAL,CASANARE,4.352034609,-72.75025098,111,5276.2682042836595,3484.2693548387097,10307.566666666668,0.3380302517088135,22.73779363869296,0.0,exponencial,True,0.3789462235130117,0
BALCÓN,True,0,ECOPETROL S.A.,HUILA,3.110278,-75.399142,147,842.9207100500034,533.976129032258,1645.75,0.3244576205573495,7.810263274181894,0.9999999999999999,armónica,True,0.09614426553024025,0
BARQUEREÑA,True,0,PERENCO COLOMBIA LIMITED,CASANARE,5.387010039,-71.87238878,144,220.2507467935419,253.09870967741938,380.2258064516129,0.6656536862645287,13.64286783070552,0.09744196792890931,hiperbólica,True,0.7537145425743972,0
BASTIDAS,True,0,"FRONTERA ENERGY COLOMBIA CORP., SUCURSAL COLOMBIA",CASANARE,4.874774893,-71.86291161,146,322.1079724980717,120.80935483870968,1622.2857142857142,0.0744686054835301,31.908298041931992,0.10094458269435704,hiperbólica,True,0.23698230746667356,0
BAYONERO,True,0,SIERRACOL ENERGY ARAUCA LLC,ARAUCA,6.904859874,-71.18683043,118,308.3853238453901,159.77612903225807,1152.1290322580646,0.13867902340687646,4.2714016539651345,9.512971675849306e-07,exponencial,True,0.4766193087508551,0
BAÚL,False,85,SAN AGUSTIN ENERGY CORP SUCURSAL COLOMBIA,SANTANDER,6.23628699999999,-74.3887519999999,45,19.14198038973345,0.75,29.06451612903226,0.025804661487236404,11.877761505232087,0.0,exponencial,True,0.5203088811337977,0
BEGONIA,True,0,PAREX RESOURCES COLOMBIA LTD. SUCURSAL,CASANARE,5.787776932,-71.38737629,136,878.6571636075176,254.13483870967744,3846.7096774193546,0.06606551053267141,61.359593082130026,0.15292456496364337,hiperbólica,True,0.643212815335973,0
BOLÍVAR,True,0,UNION TEMPORAL OMEGA ENERGY,BOYACA,5.78871256,-72.86670541,141,36.569900302937064,22.684193548387096,63.32258064516129,0.3582322975038207,6.5112889329023265,0.0,exponencial,True,0.10606448457058712,0
BONANZA,True,0,ECOPETROL S.A.,SANTANDER,7.475548692,-73.40572078,146,1622.4380421539986,1186.4535483870966,2708.6451612903224,0.43802472370426826,0.0011999928542061333,1.0,armónica,True,0.06989029293139905,0
BONGA,True,0,HOCOL S.A.,SUCRE,9.505791618,-75.06350128,111,4.420737799614329,1.1493548387096775,7.633333333333334,0.15057050288773066,27.409275975248594,0.0,exponencial,True,0.2322650200686816,0
BOQUETE,False,53,HOCOL S.A.,BOLIVAR,9.22352209,-74.57399679,92,53.23936623278223,1.1935483870967742,111.16129032258064,0.01073708647707487,6.541989500907109,0.0,exponencial,True,0.5320674541056217,0
BORAL,True,0,COLOMBIA ENERGY DEVELOPMENT CO ANTES HARKEN DE COLOMBIA II LIMITADA SUCURSAL COLOMBIA,CASANARE,5.100805952,-72.1402062,118,404.74321904393815,316.6925806451613,1074.8,0.29465256851987465,30.634041729864236,0.0,exponencial,True,0.36672468044765505,0
BORANDA,True,0,PAREX RESOURCES COLOMBIA LTD. SUCURSAL,SANTANDER,7.646683627,-73.57112416,82,444.9714560732728,435.65903225806454,807.1333333333333,0.5397609221005177,9.031181956249368,0.9999999999999999,armónica,True,0.48570481258925713,0
BRISAS,True,0,ECOPETROL S.A.,HUILA,3.124511807,-75.27159984,147,203.58951302116273,221.08419354838708,354.38709677419354,0.6238494447478609,0.0011999928000272497,1.0,armónica,True,0.13072442709366017,0
BULLERENGUE,True,0,LEWIS ENERGY COLOMBIA INC,ATLANTICO,10.62874882,-74.94133931,126,286.5194465243149,27.593870967741935,595.8387096774194,0.04631097395917925,60.28928633404425,4.671666905464375e-07,exponencial,True,0.47674337776048703,0
CABIONA,True,0,NEW GRANADA ENERGY CORPORATION SUCURSAL COLOMBIA,META,4.732875811,-71.14699717,147,636.3213578002841,340.2248387096774,1011.8,0.336257006038424,7.2938457416379165,0.0,exponencial,True,0.029549115326627733,0
CAIPAL,True,0,ECOPETROL S.A.,BOYACA,6.12612531,-74.49664762,146,820.2636799803652,917.6809677419355,1423.6451612903227,0.6445995060385652,4.583369821855888,5.364154556253495e-08,exponencial,True,0.05845624419344756,0
CAJUA,True,0,"FRONTERA ENERGY COLOMBIA CORP., SUCURSAL COLOMBIA",META,4.033836381,-71.47094281,85,3210.4016016878386,4404.894838709677,5285.548387096775,0.8333846397968897,0.0011999928000272497,1.0,armónica,True,0.5213988825873056,0
CALONA,False,14,VERANO ENERGY (SWITZERLAND) AG SUCURSAL,CASANARE,4.53162065,-72.61582169,86,595.4275979709212,3.3870967741935485,1953.516129032258,0.001733846331676547,0.001199992802980443,0.0,exponencial,True,1.188545546539651,0
CAMOA,False,105,ECOPETROL S.A.,META,3.638524625,-73.39969688,32,42.00872455837174,0.8,64.5,0.012403100775193798,3.3917443850738027,1.2495203654432004e-08,exponencial,True,0.7534559412086012,0
CAMPO RICO,True,1,EMERALD ENERGY PLC SUCURSAL COLOMBIA,CASANARE,4.90118673254717,-72.24949598018868,107,380.36110550069725,5.964285714285714,774.741935483871,0.0076984160029502915,18.19133511804828,0.0,exponencial,True,0.4252351427695512,0
CANACABARE,True,0,COLOMBIA ENERGY DEVELOPMENT CO ANTES HARKEN DE COLOMBIA II LIMITADA SUCURSAL COLOMBIA,CASANARE,4.844497531,-71.84271119,121,442.91316765884875,358.6858064516129,2039.7096774193549,0.17585140200218247,0.0011999928055117515,1.0,armónica,True,0.3134516162440057,0
CANAGUAY,False,5,"FRONTERA ENERGY COLOMBIA CORP., SUCURSAL COLOMBIA",CASANARE,4.764446,-72.704824,131,643.0507428788156,3.6774193548387095,3000.2580645161293,0.0012257010149664543,25.223152314901753,1.2080968774734295e-09,exponencial,True,0.6593561094459904,0
CANAGUEY,True,0,SIERRACOL ENERGY ARAUCA LLC,ARAUCA,6.770222399,-71.25956871,145,931.1303130937313,552.8267741935484,2794.451612903226,0.19783014729648613,12.52559391273076,0.9999999999999991,armónica,True,0.4057563177911799,0
CANDALAY,True,0,PERENCO COLOMBIA LIMITED,DEPARTAMENTO NN,5.169949441,-71.40198836,101,31.34523026265761,24.128064516129033,169.29032258064515,0.14252477134146344,7.1483458326123905,0.0,exponencial,True,1.357769561657627,0
CANDELILLA,True,0,"FRONTERA ENERGY COLOMBIA CORP., SUCURSAL COLOMBIA",META,4.316920942,-72.97859675,147,1466.360109367281,482.7951612903226,5389.096774193548,0.0895873986903066,12.817150274991418,0.9999999999999766,armónica,True,0.15276514362007776,0
CAPACHOS,True,0,PAREX RESOURCES COLOMBIA LTD. SUCURSAL,ARAUCA,6.564183713,-71.75360875,95,975.9369981098462,470.2096774193548,2020.225806451613,0.23275104986667092,2.74502203883622,2.0090307179367398e-09,exponencial,True,0.7074302688632571,0
CAPACHOS SUR,True,0,PAREX RESOURCES COLOMBIA LTD. SUCURSAL,ARAUCA,6.549363809,-71.7619964,32,553.8350514584657,459.59483870967745,965.0,0.47626408156443256,0.0011999928000605564,1.0,armónica,True,1.3582745374744067,0
CAPELLA,False,26,EMERALD ENERGY PLC SUCURSAL COLOMBIA,DEPARTAMENTO NN,2.103032819,-74.54676501,70,2000.55793561251,6.483870967741935,3859.5,0.0016799769316600429,16.705367924117997,1.0,armónica,True,0.9761096647201835,0
CAPURE,False,71,"FRONTERA ENERGY COLOMBIA CORP., SUCURSAL COLOMBIA",MAGDALENA,9.660979929,-74.11756617,37,1.5377522286309826,1.0,5.096774193548387,0.1962025316455696,3.632541525083277,0.0,exponencial,True,0.9525939238807573,0
CARACARA SUR A,True,0,COLOMBIA ENERGY DEVELOPMENT CO ANTES HARKEN DE COLOMBIA II LIMITADA SUCURSAL COLOMBIA,META,4.117162922,-71.98048575,146,2619.333225072687,1452.6583870967743,5801.258064516129,0.250404028047309,0.0011999928000272497,1.0,armónica,True,0.04686700785282813,0
CARACARA SUR B Y C,True,0,COLOMBIA ENERGY DEVELOPMENT CO ANTES HARKEN DE COLOMBIA II LIMITADA SUCURSAL COLOMBIA,META,4.124133,-71.961142,146,1907.5254859770257,900.7787096774193,4862.2,0.18526155026066787,15.831848589011576,0.9999999999992508,armónica,True,0.054343688731059964,0
CARAMELO,False,86,LEWIS ENERGY COLOMBIA INC,CESAR,8.332922785,-73.67201223,28,28.145586460390607,1.4193548387096775,109.63333333333334,0.012946380407810983,66.38368500390798,0.0,exponencial,True,0.5952597600267434,0
CARETO,True,0,"FRONTERA ENERGY COLOMBIA CORP., SUCURSAL COLOMBIA",CASANARE,5.270154112,-71.39633853,145,277.1299981086447,58.951935483870976,1351.9354838709678,0.043605583392984974,19.00936668418167,0.999999999998861,armónica,True,0.21739066363338488,0
CARIBE,True,0,ECOPETROL S.A.,PUTUMAYO,0.5974690647,-77.00871689,146,1196.3571703157165,1521.7861290322583,1991.4333333333334,0.7641662432580846,0.0011999928000272497,1.0,armónica,True,0.2615749206396243,0
CARICARE,True,0,SIERRACOL ENERGY ARAUCA LLC,ARAUCA,6.745905903,-71.31547475,145,3482.5016574939136,3772.355806451613,8296.161290322581,0.4547110012014884,0.0011999928000272497,1.0,armónica,True,0.3794884512491876,0
CARMENTEA,False,14,VERANO ENERGY (SWITZERLAND) AG SUCURSAL,CASANARE,4.572788718,-72.61655361,101,552.134332479013,7.67741935483871,2582.8709677419356,0.002972436273713922,23.522505203828846,0.0,exponencial,True,0.6743162746126183,0
CARRIZALES,True,0,"FRONTERA ENERGY COLOMBIA CORP., SUCURSAL COLOMBIA",CASANARE,4.946201428,-71.83826192,146,769.6396278462623,325.7961290322581,2864.2258064516127,0.11374666351319392,0.0011999928001049653,1.0,armónica,True,0.08752634345011492,0
CARRIZALES NORTE,True,0,PETROLEOS COLOMBIANOS SA,CASANARE,4.973440808,-71.82479659,34,3125.77098255765,2687.7512903225806,7458.733333333334,0.3603495620779105,0.0011999928000605564,1.0,armónica,True,0.365026261609432,0
CARUPANA,True,0,PERENCO OIL AND GAS COLOMBIA LIMITED.,CASANARE,5.573149033,-71.75089757,126,281.08519732494415,175.10999999999999,516.7333333333333,0.33887885434137527,23.472308062347192,0.0,exponencial,True,0.4348086050959626,0
CARUTO,False,25,"FRONTERA ENERGY COLOMBIA CORP., SUCURSAL COLOMBIA",CASANARE,4.45550832,-72.84905864,122,319.2322671821149,46.03448275862069,805.5483870967741,0.057146762995244335,25.76028104408866,0.5216125559979436,hiperbólica,True,0.09009982622202203,0
CASABE,True,0,ECOPETROL S.A.,ANTIOQUIA,7.04436814,-73.91400917,147,11201.59230274577,8061.7193548387095,18919.714285714286,0.42610153795640954,3.8528092256335023,0.027423465416862476,exponencial,True,0.03336231932206333,0
CASABE SUR,True,0,ECOPETROL S.A.,ANTIOQUIA,6.997349,-73.94608694,147,2165.5988070780513,1106.0529032258064,4201.821428571428,0.26323177270335635,19.35618999926867,0.0,exponencial,True,0.090067128806482,0
CASTILLA,True,0,ECOPETROL S.A.,META,3.836696,-73.665849,145,65167.611673116095,54943.85419354839,86185.74193548386,0.6375051482956167,2.3208995069109672,0.0,exponencial,True,0.03335225442475268,0
CASTILLA ESTE,False,15,ECOPETROL S.A.,META,3.857386521,-73.63050198,132,306.09758076554516,14.870967741935484,605.8214285714286,0.024546783987159912,0.0011999928000272497,1.0,armónica,True,0.3172254774744075,0
CASTILLA NORTE,True,0,ECOPETROL S.A.,META,3.887507834,-73.65222957,145,42475.54542839792,39769.00709677419,54815.433333333334,0.7255074835391406,2.8205823859259516,0.0,exponencial,True,0.057396297822356335,0
CAÑO GANDUL,True,0,PERENCO COLOMBIA LIMITED,CASANARE,5.169410389,-71.14952743,140,207.09111031437044,183.1316129032258,556.5806451612904,0.32902979019357825,16.897320129085337,0.9999999999999803,armónica,True,0.26949554687597527,0
CAÑO GARZA,False,10,PERENCO COLOMBIA LIMITED,CASANARE,5.59332017,-71.58383537,125,116.22992137295407,29.096774193548388,405.2903225806452,0.07179242279528812,12.077280466839413,6.763089162025251e-09,exponencial,True,0.5133354148946918,0
CAÑO GARZA ESTE,False,11,PERENCO COLOMBIA LIMITED,CASANARE,5.58716241,-71.58034348,110,169.80452053508225,0.8666666666666667,343.8,0.0025208454527826255,0.0011999928000272497,1.0,armónica,True,0.7939398093954207,0
CAÑO GARZA NORTE,False,14,PERENCO COLOMBIA LIMITED,CASANARE,5.62785569,-71.56235585,126,202.3795743485875,16.548387096774192,514.1,0.03218904317598559,0.0011999928025585582,0.0,exponencial,True,1.024444333124628,0
CAÑO LIMÓN,True,0,SIERRACOL ENERGY ARAUCA LLC,ARAUCA,6.959206,-71.09548,146,19611.94557094133,14215.125161290323,33683.3,0.4220229360332961,11.62553610706768,1.0,armónica,True,0.6459421514222604,0
CAÑO RONDÓN,True,0,SIERRACOL ENERGY ARAUCA LLC,ARAUCA,6.736853907,-71.31853855,145,2864.7288138407757,1405.263870967742,9589.7,0.1465388772295006,0.0011999928000272497,1.0,armónica,True,0.5938519697306738,0
CAÑO SUR,False,100,ECOPETROL S.A.,META,3.741435,-71.752622,26,117.60470282405767,94.8,317.1290322580645,0.2989319499542264,31.436119941827055,0.9999999997881577,armónica,True,0.6650405579121106,0
CAÑO SUR ESTE,True,0,ECOPETROL S.A.,META,3.746242962,-71.74837425,99,18725.65758668843,49863.42677419355,54165.032258064515,0.9205833486191544,0.0011999928000272497,1.0,armónica,True,0.13317565297921416,0
CAÑO YARUMAL,True,0,SIERRACOL ENERGY ARAUCA LLC,ARAUCA,6.977718088,-71.06495924,146,3325.8447058602114,2720.506451612903,6549.1,0.41540157450839094,9.166735996827457,1.0,armónica,True,0.7202228811579929,0
CEBÚ,False,42,ECOPETROL S.A.,HUILA,3.024801,-75.272508,103,161.83824185397347,228.4,228.4,1.0,0.0011999928000716586,1.0,armónica,True,0.31281782782720846,0
CEDRILLO,False,37,INVEPETROL LIMITED COLOMBIA,CASANARE,5.30147647,-71.7535361,40,130.61567369828907,20.321428571428573,433.258064516129,0.046903751449206,62.11540800401297,0.0,exponencial,True,0.5138972181043606,0
CEIBO,True,0,"FRONTERA ENERGY COLOMBIA CORP., SUCURSAL COLOMBIA",META,4.342263575,-72.97359419,146,3151.952934759539,2468.77935483871,8586.870967741936,0.2875062830352414,6.886547219803996,0.9999999999994691,armónica,True,0.29051977973805637,0
CENTAURO SUR,False,33,EMERALD ENERGY PLC SUCURSAL COLOMBIA,CASANARE,4.87035163,-72.26447468,102,105.97958554945895,19.266666666666666,266.2258064516129,0.07236964336200977,0.0011999928000272497,1.0,armónica,True,0.4027506533204774,0
CERNÍCALO,False,12,"FRONTERA ENERGY COLOMBIA CORP., SUCURSAL COLOMBIA",CASANARE,5.246429,-71.30867,60,158.78365008739874,42.03225806451613,647.7741935483871,0.06488720681240974,0.001199992819811424,1.0,armónica,True,0.45445989957815675,0
CERRO GORDO,True,0,WATTLE PETROLEUM COMPANY S.A.S,NORTE DE SANTANDER,8.20515275,-72.74850725,64,0.8899588001218285,8.015806451612903,8.015806451612903,1.0,0.0011999928000272497,1.0,armónica,True,1.2341330245627868,0
CHACHALACA,False,15,GEOPARK COLOMBIA S.A.S.,CASANARE,4.4920338,-72.72560794,48,155.48860892614368,12.483870967741936,943.1612903225806,0.013236199466447775,13.660824006503681,5.2615051711177966e-08,exponencial,True,1.8145871797504862,0
CHAPARRITO,True,0,PERENCO COLOMBIA LIMITED,CASANARE,5.560450223,-71.21242365,141,1194.391260643088,3927.085806451613,6238.258064516129,0.6295164075993092,0.0011999928000272497,1.0,armónica,True,0.6256291142111073,0
CHENCHE,True,0,HOCOL S.A.,TOLIMA,3.913005029,-74.8999172,140,50.7576224026318,51.291612903225804,88.25806451612904,0.5811549707602338,0.0011999928003381122,1.0,armónica,True,0.5591531427985525,0
CHICHIMENE,True,0,ECOPETROL S.A.,META,3.945433883,-73.68184999,147,45986.82289021779,37814.785161290325,60575.41935483871,0.6242595687167903,0.04476991052607682,1.0,armónica,True,0.05834122457160489,0
CHICHIMENE SW,True,0,ECOPETROL S.A.,META,3.905214817,-73.72769855,147,19661.09207710904,21613.839032258064,22181.633333333335,0.974402502622653,0.05054007135110172,1.0,armónica,True,0.07198474931127558,0
CHIPIRÓN,True,0,SIERRACOL ENERGY ARAUCA LLC,ARAUCA,6.878803,-71.157737,145,6120.920137668017,1708.9648387096772,15788.466666666667,0.10824134317727775,32.508837455466654,0.7253480415045381,hiperbólica,True,0.34141175835380466,0
CHIRICOCA,True,0,GEOPARK COLOMBIA S.A.S.,CASANARE,4.491911774,-72.67313831,108,768.8352301008568,238.34064516129033,4373.5,0.054496546281305666,16.538408146184867,1.0,armónica,True,0.34695447372259225,0
CHUIRA,True,0,GRAN TIERRA ENERGY COLOMBIA GMBH SUCURSAL COLOMBIA,CESAR,8.157611903,-73.52348182,144,154.45878889628247,114.87322580645161,335.23333333333335,0.3426664784919507,11.917697085627433,0.0,exponencial,True,0.40066972129869843,0
CHURUYACO,True,0,ECOPETROL S.A.,PUTUMAYO,0.5431835442,-77.07038016,132,203.47446749795748,5.34,2553.6774193548385,0.0020911020160679097,68.8793411913689,0.7011173570505298,hiperbólica,True,0.8772142935995058,0
CICUCO,True,0,HOCOL S.A.,BOLIVAR,9.248706932,-74.63748573,142,592.7161372760106,330.1322580645161,798.483870967742,0.41344887488385246,13.040239325848235,0.0,exponencial,True,0.3434426201106038,0
CIRIGÜELO,True,0,"FRONTERA ENERGY COLOMBIA CORP., SUCURSAL COLOMBIA",CASANARE,4.77163465,-71.2536247,146,149.2256137536307,14.899354838709677,396.2258064516129,0.037603191402751764,56.85725304919246,0.0,exponencial,True,0.14715273643261714,0
COBRA,True,0,"FRONTERA ENERGY COLOMBIA CORP., SUCURSAL COLOMBIA",META,4.426372028,-72.92201268,147,200.6561721397601,101.20612903225806,358.61290322580646,0.2822155257713412,14.145540902712172,0.0,exponencial,True,0.31294923496632887,0
COHEMBI,True,0,GRAN TIERRA OPERATIONS COLOMBIA GMBH SUCURSAL,PUTUMAYO,0.3425404274,-76.50565095,142,5554.765592957076,7620.2338709677415,11854.535714285714,0.6428116675868392,0.0011999928000272497,1.0,armónica,True,0.7421791856610431,0
COLORADO,False,40,ECOPETROL S.A.,SANTANDER,6.832867689,-73.71354788,55,68.92480938416422,3.933333333333333,171.46428571428572,0.022939665347497046,47.44879565380179,5.537132875205533e-07,exponencial,True,1.1925668527653737,0
COLÓN,True,0,GRAN TIERRA ENERGY COLOMBIA GMBH SUCURSAL COLOMBIA,SANTANDER,7.700886,-73.733508,143,190.0129632992147,144.87032258064514,374.73333333333335,0.3865957727645752,0.001199992800904326,1.0,armónica,True,0.5105382927432145,0
COPA,False,46,"FRONTERA ENERGY COLOMBIA CORP., SUCURSAL COLOMBIA",CASANARE,5.18905816,-71.22127688,100,2071.7010557497747,857.8387096774194,5276.129032258064,0.1625886524822695,49.295285528091945,0.9999999999999999,armónica,True,0.6869944429079416,0
COPA A NORTE,False,46,"FRONTERA ENERGY COLOMBIA CORP., SUCURSAL COLOMBIA",CASANARE,5.171398037,-71.21566306,100,620.6040963239578,463.7096774193548,1269.516129032258,0.3652648964553424,8.833081350751282,0.0,exponencial,True,0.8318718988082402,0
COPA A SUR,False,46,"FRONTERA ENERGY COLOMBIA CORP., SUCURSAL COLOMBIA",CASANARE,5.161836028,-71.21937658,100,321.6804089464484,97.6774193548387,1120.9642857142858,0.0871369593123103,24.575605546351255,0.0,exponencial,True,0.7182537552347839,0
COPA B,False,46,"FRONTERA ENERGY COLOMBIA CORP., SUCURSAL COLOMBIA",CASANARE,5.156037034,-71.2220127,99,313.501238134831,87.93548387096774,852.5806451612904,0.10314037079076806,24.84930545421653,1.0,armónica,True,0.8061489598185393,0
COPA C,False,46,"FRONTERA ENERGY COLOMBIA CORP., SUCURSAL COLOMBIA",CASANARE,5.142005492,-71.22289171,99,283.3387024543866,121.61290322580645,955.1666666666666,0.1273211340699422,0.46489256872140894,1.0,armónica,True,0.6114073344680157,0
COPA D,False,46,"FRONTERA ENERGY COLOMBIA CORP., SUCURSAL COLOMBIA",CASANARE,5.112730148,-71.22623196,99,735.8377378049792,346.48387096774195,2464.2903225806454,0.1406018876075033,4.919690508948349,0.0,exponencial,True,0.3998653617281974,0
COPA UNIFICADO,True,0,"FRONTERA ENERGY COLOMBIA CORP., SUCURSAL COLOMBIA",CASANARE,5.15509823,-71.22012911,46,1307.9704372899953,845.655806451613,1947.5714285714287,0.4342104192152344,21.097069933670998,0.0,exponencial,True,0.04462196152930549,0
CORALILLO,False,61,"FRONTERA ENERGY COLOMBIA CORP., SUCURSAL COLOMBIA",META,4.30845599999999,-72.977231,35,1826.2195151074889,1675.2142857142858,3038.1612903225805,0.5513908333472374,0.0011999928000272497,1.0,armónica,True,0.2082671259041882,0
CORAZÓN,True,0,PETROSANTANDER COLOMBIA  GMBH,SANTANDER,7.237566,-73.512352,146,43.55734197579103,18.406774193548387,161.7741935483871,0.11378065802592223,26.978061241363406,0.0,exponencial,True,0.27313470163201053,0
CORAZÓN WEST,True,0,PETROSANTANDER COLOMBIA  GMBH,SANTANDER,7.230635,-73.518347,146,174.07034757035976,134.73516129032257,275.741935483871,0.4886277491810949,0.2732594934269472,1.0,armónica,True,0.20532546756660816,0
CORCEL A,True,0,"FRONTERA ENERGY COLOMBIA CORP., SUCURSAL COLOMBIA",META,4.394215567,-72.92499439,109,147.4237982411893,0.06483870967741935,425.53333333333336,0.00015237045984040266,37.820322456945945,0.0,exponencial,True,0.7277082262205458,0
CORCEL C,True,0,"FRONTERA ENERGY COLOMBIA CORP., SUCURSAL COLOMBIA",META,4.41597839,-72.93018044,137,247.2561544950304,0.09548387096774194,793.6785714285714,0.00012030546672801936,20.564685031893816,1.9884058138835046e-08,exponencial,True,0.5464292760987788,0
CORCEL D,True,0,"FRONTERA ENERGY COLOMBIA CORP., SUCURSAL COLOMBIA",META,4.405067575,-72.91194537,147,221.36321589459982,116.60387096774193,641.741935483871,0.18169900472504272,0.3537313558879762,0.9999999999570037,armónica,True,0.2928893385335931,0
CORCEL E,False,24,"FRONTERA ENERGY COLOMBIA CORP., SUCURSAL COLOMBIA",META,4.41605951,-72.90553083,117,310.37814584377423,72.87096774193549,791.516129032258,0.09206504462648246,50.3271159389835,0.9999999999998541,armónica,True,0.7200571831538193,0
COREN,True,0,PERENCO COLOMBIA LIMITED,CASANARE,5.337906379,-70.99260515,146,930.3661377086378,591.1858064516128,2373.8387096774195,0.24904211227221457,0.0011999928000272497,1.0,armónica,True,0.28587168436508903,0
COROCORA,True,0,PERENCO COLOMBIA LIMITED,CASANARE,5.369913262,-70.98071095,146,502.89635584711425,302.7812903225806,1693.8333333333333,0.17875506660784057,0.0011999928000272497,1.0,armónica,True,0.2659834083417089,0
CORRALES,True,0,UNION TEMPORAL OMEGA ENERGY,BOYACA,5.806840425,-72.85549263,147,415.4544617476209,69.12903225806451,2099.8387096774195,0.03292111529303326,24.58112590203306,0.07926081424948052,hiperbólica,True,0.3051290901658464,0
CORSUR,True,0,PERENCO COLOMBIA LIMITED,CASANARE,5.319886,-71.00869,121,136.94590591605782,98.43258064516128,444.48387096774195,0.22145366136874953,19.392533062925775,0.9999999999999977,armónica,True,0.1464220531504253,0
COSECHA-A,False,13,SIERRACOL ENERGY ARAUCA LLC,ARAUCA,6.853612436,-71.27279848,30,48.52528373677985,3.642857142857143,94.1,0.03871261575831183,31.8588396676721,1.319136432853925e-07,exponencial,True,0.598480130342234,0
COSTAYACO,True,0,GRAN TIERRA ENERGY COLOMBIA GMBH SUCURSAL COLOMBIA,PUTUMAYO,0.9779705294,-76.63428388,146,8651.521975311229,4742.777741935483,17900.366666666665,0.26495422301976035,8.039064997712075,0.0,exponencial,True,0.15628097977380626,0
COTORRA,False,71,"FRONTERA ENERGY COLOMBIA CORP., SUCURSAL COLOMBIA",MAGDALENA,9.649487255,-74.1416782,39,4.540337588502215,0.3333333333333333,27.666666666666668,0.012048192771084336,98.02703584448435,0.9999999999999998,armónica,True,1.3943519671445912,0
CRAVO ESTE,True,0,PERENCO COLOMBIA LIMITED,CASANARE,5.229735961,-71.94937501,146,319.8633229064402,142.79806451612902,1366.225806451613,0.10452010483318772,0.0011999928001160676,1.0,armónica,True,0.5128879931652981,0
CRISTALINA,True,0,ECOPETROL S.A.,SANTANDER,7.515456076,-73.70770105,114,146.99304125743538,183.74354838709678,338.9032258064516,0.5421711403007806,0.0011999928000272497,1.0,armónica,True,0.6897116792810292,0
CUERVA NORESTE,False,6,PERENCO OIL AND GAS COLOMBIA LIMITED.,CASANARE,5.718500376859504,-70.59403585123967,121,43.46545361302668,4.733333333333333,165.5,0.028600201409869085,10.063389174510585,0.0,exponencial,True,0.7451520367397587,0
CUERVA OESTE,True,0,PERENCO OIL AND GAS COLOMBIA LIMITED.,CASANARE,5.677802188,-70.6722841,136,430.5179204815964,331.20870967741934,1135.3870967741937,0.2917143506548853,0.0011999928000605564,1.0,armónica,True,0.18317551575229912,0
CUERVA SUR,True,0,PERENCO OIL AND GAS COLOMBIA LIMITED.,CASANARE,5.641381039,-70.65860598,136,142.94439448846836,103.33709677419354,295.9032258064516,0.34922598931647225,36.96452233446765,0.9999999999999999,armónica,True,0.2389769285555483,0
CUMPLIDOR,True,0,GRAN TIERRA ENERGY COLOMBIA GMBH SUCURSAL COLOMBIA,PUTUMAYO,0.4367368846,-76.61729461,106,417.6116903777482,152.38516129032257,1286.9354838709678,0.11840932447675145,0.0011999928085537626,0.0,exponencial,True,0.804769206135945,0
CUPIAGUA,True,0,ECOPETROL S.A.,CASANARE,5.193761991,-72.62967011,146,5844.583211750645,2978.3677419354835,10804.870967741936,0.2756504682774495,0.6641378640134477,0.0,exponencial,True,0.13443101819153455,0
CUPIAGUA LIRIA,True,0,ECOPETROL S.A.,CASANARE,5.258787,-72.59964,146,2571.795658850669,1461.0364516129032,4387.8387096774195,0.33297405585820045,0.0011999928000272497,1.0,armónica,True,0.15908418820530612,0
CUPIAGUA SUR,True,0,ECOPETROL S.A.,CASANARE,5.111675366,-72.66812785,146,1908.4270302320037,200.90225806451613,6604.535714285715,0.030418831354028623,13.691687719967671,0.0,exponencial,True,0.08775587834414518,0
CURITO,False,14,INVEPETROL LIMITED COLOMBIA,CASANARE,5.10905799,-71.84587371,125,711.6382873245404,2.5806451612903225,7854.612903225807,0.0003285515394693071,21.493548296852218,0.0,exponencial,True,0.3717805638186914,0
CURUCUCÚ,False,57,GEOPARK COLOMBIA S.A.S.,CASANARE,4.371697,-72.6634059999999,42,349.6112977003927,34.166666666666664,1417.3870967741937,0.024105388531069586,70.68089209169344,1.0,armónica,True,0.5984751882758154,0
CUSIANA,True,0,ECOPETROL S.A.,CASANARE,5.012679,-72.68344,146,2590.4800901324006,388.45677419354837,6290.774193548387,0.061750233316582394,19.670968673467225,1.6959586300096727e-08,exponencial,True,0.11454583630476912,0
CUSIANA NORTE,True,0,ECOPETROL S.A.,CASANARE,5.093642,-72.644944,146,1116.1889842976213,47.32645161290322,5295.733333333334,0.008936713507648273,41.50310280332686,0.5512594718950891,hiperbólica,True,0.12819322761790145,0
DANES,True,0,COLOMBIA ENERGY DEVELOPMENT CO ANTES HARKEN DE COLOMBIA II LIMITADA SUCURSAL COLOMBIA,CASANARE,5.111611858,-71.93698306,75,221.69427170930658,3.9045161290322583,723.8064516129032,0.005394420180051699,22.390507683136363,0.0,exponencial,True,0.6963318617324598,0
DINA CRETÁCEOS,True,0,ECOPETROL S.A.,HUILA,3.077733,-75.294804,146,700.5862199328892,655.1812903225806,1828.9333333333334,0.3582313681868743,0.0011999928000272497,1.0,armónica,True,0.10564541247480667,0
DINA NORTE,True,0,ECOPETROL S.A.,HUILA,3.129084858,-75.28769291,102,358.91985802385454,276.9390322580645,517.9666666666667,0.534665742180445,2.828091606188954,0.9999999999999849,armónica,True,0.08970331692804331,0
DINA TERCIARIOS,True,0,ECOPETROL S.A.,HUILA,3.098682964,-75.30667592,146,3389.8180742301192,2802.5606451612903,5549.032258064516,0.5050539472154401,0.0011999928000272497,0.9999999999999993,armónica,True,0.051751548811423714,0
DOROTEA B,True,0,NEW GRANADA ENERGY CORPORATION SUCURSAL COLOMBIA,CASANARE,5.533473575,-71.00643592,147,1978.9731327532336,1013.3109677419354,7864.7,0.12884292697012414,33.7118936940093,0.9999999999997746,armónica,True,0.08807872952090526,0
DOROTEA E,True,0,NEW GRANADA ENERGY CORPORATION SUCURSAL COLOMBIA,CASANARE,5.428772614,-70.97499935,145,81.55409601345045,67.61709677419356,130.0,0.5201315136476428,5.922164480209702,0.9999999999999999,armónica,True,0.23255994741242206,0
DOÑA MARÍA,False,76,ECOPETROL S.A.,CESAR,8.08497099999999,-73.7151199999999,71,23.90437739525772,0.3333333333333333,33.766666666666666,0.009871668311944718,9.892800707212768,0.0,exponencial,True,0.6642747491977781,0
EL DIFÍCIL,True,0,PETROLEOS SUD AMERICANOS SUCURSAL COLOMBIA,MAGDALENA,9.915331,-74.095448,136,101.11780784477305,24.32903225806452,257.38709677419354,0.0945231231983958,35.09148982618818,0.8939167291946768,hiperbólica,True,0.4918022579808988,0
EL NIÑO,True,0,HOCOL S.A.,TOLIMA,4.135724891,-74.61898016,57,180.5670434219587,288.58096774193547,367.7,0.7848272171387966,5.027374782328387,1.0,armónica,True,0.5949530964635019,0
ELIZITA,True,0,COLOMBIA ENERGY DEVELOPMENT CO ANTES HARKEN DE COLOMBIA II LIMITADA SUCURSAL COLOMBIA,META,4.274434835,-71.98509857,146,996.075026622318,659.5961290322581,2122.464285714286,0.31076901197905443,6.354636233382227,0.0,exponencial,True,0.07245801076661754,0
ENTRERRIOS,False,27,PETROLEOS SUD AMERICANOS SUCURSAL COLOMBIA,CASANARE,4.80493905,-72.17563117,110,601.8069327631954,151.74193548387098,1547.1333333333334,0.09807941708355515,13.297525302694957,1.742557366986655e-07,exponencial,True,0.21939868970690726,0
ESPADARTE,False,71,"FRONTERA ENERGY COLOMBIA CORP., SUCURSAL COLOMBIA",META,4.46168956,-72.87791402,65,506.5902341633154,9.366666666666667,4067.483870967742,0.002302815933339678,36.6891188741853,0.0,exponencial,True,0.2718588598124831,0
ESPIGUERO,True,0,VETRA EXPLORACION Y PRODUCCION COLOMBIA S.A.S. ANTES PETROTESTING COLOMBIA,CASANARE,4.98562578,-71.29775064,35,120.11608182561122,83.19580645161291,274.0,0.3036343301153756,0.0011999928000272497,1.0,armónica,True,1.0570563556893586,0
ESPINO,False,25,ECOPETROL S.A.,HUILA,2.96275852,-75.15961895,122,13.025562490719587,10.724137931034482,22.258064516129032,0.48180909545227385,25.510129341347778,0.0,exponencial,True,0.3707166007475406,0
ESTERO,True,0,COLOMBIA ENERGY DEVELOPMENT CO ANTES HARKEN DE COLOMBIA II LIMITADA SUCURSAL COLOMBIA,CASANARE,4.65736327,-72.14038955,145,104.842537426186,122.13290322580644,274.7142857142857,0.4445815510039756,20.67165755691345,0.9999999999999984,armónica,True,0.2726071580549729,0
FAUNO,False,100,ECOPETROL S.A.,META,3.71175783,-71.68075444,41,1236.3077029064427,1483.6,1646.8064516129032,0.9008951832481243,24.020043444080276,0.9828263244220314,armónica,True,0.23969058598762658,0
FENIX,False,101,AMERISUR EXPLORACION COLOMBIA LIMITADA,SANTANDER,7.508568528,-73.38066303,43,1.5708707965168633,0.3548387096774194,5.064516129032258,0.07006369426751592,3.482282105519652,0.0,exponencial,True,0.620537825620503,0
FINN,True,0,SIERRACOL ENERGY ARAUCA LLC,ARAUCA,6.867793714,-71.27923246,87,1103.2747963147644,98.04483870967742,4736.466666666666,0.020699995505020077,44.103702941416024,0.9999999999999999,armónica,True,0.22392642955881775,0
FLAMENCOS,True,0,ECOPETROL S.A.,SANTANDER,7.461669542,-73.86607174,62,577.587666973801,621.5983870967742,890.483870967742,0.6980456439050897,7.004626081441057,7.625559499991485e-09,exponencial,True,1.193698383512475,0
FLAMI,False,67,OMNIA.ENERGY INC. SUCURSAL COLOMBIA EN REORGANIZACIÓN  (ANTES SANTA MARIA PETROLEUM INC),CASANARE,4.722603753,-72.18218685,44,298.06393323028476,4.387096774193548,811.7666666666667,0.005404381522843446,8.873852760125157,0.0,exponencial,True,0.8149703567967596,0
FLOREÑA,True,0,ECOPETROL S.A.,CASANARE,5.486237747,-72.40413305,146,3926.491883495433,1476.7893548387096,8450.225806451614,0.17476330084708558,19.72593638062611,0.9999999999997338,armónica,True,0.12465828528880708,0
FLOREÑA MIRADOR,True,0,ECOPETROL S.A.,CASANARE,5.482299922,-72.40304181,146,2173.719926014046,916.0258064516129,4356.225806451613,0.21027968869175004,13.253588847363995,0.9999999999999828,armónica,True,0.17343976111698797,0
FRANKMAVE,True,0,ANDES OPERATING COMPANY LLC SUCURSAL COLOMBIA,META,3.882509701,-72.65142047,57,105.27032324972609,57.553870967741936,201.70967741935485,0.28533024148408764,23.941075720931416,0.0,exponencial,True,0.6820004842043736,0
GALA,False,93,ECOPETROL S.A.,SANTANDER,7.13443925,-73.85469351,54,1752.9842559732251,1402.0,2932.714285714286,0.4780554337766087,30.013420212989097,1.0,armónica,True,0.05752408997683499,0
GALEMBO,True,0,SIERRACOL ENERGY ARAUCA LLC,ARAUCA,6.942237144,-71.13555779,109,80.76818749025057,15.423548387096774,400.43333333333334,0.03851714406167512,31.438244332289667,0.0,exponencial,True,0.3853818390999722,0
GALÁN,False,93,ECOPETROL S.A.,SANTANDER,7.084698,-73.8953719999999,54,670.5453154396517,759.1,830.258064516129,0.9142940399409434,10.028351145685722,0.9999999999999902,armónica,True,0.07094538940706249,0
GARZAS,True,0,ECOPETROL S.A.,SANTANDER,7.503818327,-73.83059284,137,326.4938112018026,627.4280645161291,806.8214285714286,0.777654190007154,0.0011999928000272497,1.0,armónica,True,0.2726477705759515,0
GAVAN,True,0,ECOPETROL S.A.,META,4.104653,-73.36722,146,1393.7826993363285,584.668064516129,2906.6071428571427,0.20115138915588393,1.8351144274160736,0.0,exponencial,True,0.12274763865249458,0
GIBRALTAR,True,0,ECOPETROL S.A.,DEPARTAMENTO NN,7.013473458,-72.17263469,50,597.9461616293236,473.9616129032258,776.2258064516129,0.6105975979719901,11.968923571941781,0.0,exponencial,True,0.3116941676393505,0
GIGANTE,True,0,ECOPETROL S.A.,HUILA,2.265005848,-75.55668003,97,561.1318764685902,214.79451612903227,1319.4516129032259,0.16279074884482803,70.51694776927047,1.0,armónica,True,0.6293850094189318,0
GIRASOL,False,7,ECOPETROL S.A.,BOYACA,6.13460117,-74.57177135,140,3097.7733847888435,1428.6774193548388,6664.903225806452,0.2143583141347066,6.459149483647842,0.0,exponencial,True,0.10891895071186619,0
GOLONDRINA,False,63,SIERRACOL ENERGY ARAUCA LLC,ARAUCA,6.808621559,-71.21621568,35,91.15933085136166,33.225806451612904,557.7741935483871,0.05956856167948644,67.18400244938117,0.0,exponencial,True,1.1418023825337311,0
GRETA OTO,True,0,"FRONTERA ENERGY COLOMBIA CORP., SUCURSAL COLOMBIA",CASANARE,4.908739932,-71.80992454,146,185.3192332995566,89.08064516129032,430.80645161290323,0.20677648820666417,0.0012000454994165466,0.0,exponencial,True,0.09103287351686912,0
GUACHARACA,True,0,"FRONTERA ENERGY COLOMBIA CORP., SUCURSAL COLOMBIA",CASANARE,4.806200399,-71.67089301,146,268.6586926965309,54.170645161290324,952.5333333333333,0.05687007820684175,20.064486434262953,0.0,exponencial,True,0.17446335409035424,0
GUACO,False,9,GEOPARK COLOMBIA S.A.S.,CASANARE,4.44821482,-72.75478433,61,155.82455751424737,1.6,761.9642857142857,0.002099835950316382,21.305680553688166,0.0,exponencial,True,0.8603442335199892,0
GUADUAS,False,60,"FRONTERA ENERGY COLOMBIA CORP., SUCURSAL COLOMBIA",CUNDINAMARCA,5.149222461,-74.58286124,86,198.517182189636,20.419354838709676,405.06451612903226,0.050410129808075174,16.782179410544217,0.0,exponencial,True,0.1842267810709035,0
GUALA,False,110,PETROMINERALES COLOMBIA LTD SUCURSAL COLOMBIA,META,4.407537582,-72.85278456,28,117.22659095896422,86.41935483870968,175.61290322580646,0.49210139603232916,28.338176278414117,0.0,exponencial,True,0.3843588625742938,0
GUANAPALO,True,0,PERENCO COLOMBIA LIMITED,CASANARE,5.182698078,-71.42278663,127,83.94797860640057,46.23193548387097,135.2258064516129,0.34188692748091604,25.03262882797791,0.0,exponencial,True,0.6808995829492103,0
GUANDO,True,0,HOCOL S.A.,TOLIMA,4.17340927,-74.57773063,147,5728.374708326892,2379.138387096774,10963.1,0.2170132888596085,10.657882968896482,0.0,exponencial,True,0.025877656407408984,0
GUANDO SW,True,0,HOCOL S.A.,TOLIMA,4.158525367,-74.60041041,147,1986.102456998796,1110.1390322580644,3734.967741935484,0.2972285462585504,13.205217463725493,0.9999999999999986,armónica,True,0.16362562798358185,0
GUARILAQUE,True,0,PERENCO COLOMBIA LIMITED,CASANARE,4.872575709,-71.6111288,143,975.1266932076081,616.8122580645162,2026.7666666666667,0.3043331372125633,17.338700727034595,0.9999999999999939,armónica,True,0.3037718807212013,0
GUARIMENA,False,43,PETROLEOS SUD AMERICANOS SUCURSAL COLOMBIA,CASANARE,4.68378117,-71.92639178,49,132.13173583433056,36.45161290322581,287.8,0.12665605595283463,27.425588221225517,0.0,exponencial,True,0.2646564299641419,0
GUARROJO,True,0,HOCOL S.A.,META,4.208764447,-71.69399138,147,818.002803359598,342.6593548387097,2345.0333333333333,0.14612131519326366,9.45846652060106,0.9999999999999892,armónica,True,0.24777501516556996,0
GUASAR,True,0,PERENCO COLOMBIA LIMITED,CASANARE,4.900937272,-71.57647734,135,204.2696944773048,69.02548387096775,602.2666666666667,0.11460950388139432,36.345949180460615,0.0,exponencial,True,0.9587839356241021,0
GUATIQUIA,True,0,ECOPETROL S.A.,META,4.097053817,-73.37712755,146,2183.522251431612,1266.7003225806452,4651.903225806452,0.2722972213939491,4.024336296052866,1.0,armónica,True,0.10676753407137823,0
GUAYUYACO,True,0,GRAN TIERRA ENERGY COLOMBIA GMBH SUCURSAL COLOMBIA,CAUCA,1.040333758,-76.44479212,133,439.1183695782042,181.81451612903226,711.741935483871,0.2554500543872371,17.721309229437754,0.22291112820435643,hiperbólica,True,0.32906733525925613,0
HALCÓN,True,0,ONGC VIDESH LIMITED SUCURSAL COLOMBIANA,META,4.339307717,-72.79615926,27,591.2378707872554,401.2525806451613,941.8709677419355,0.4260165079799986,17.926322643822147,0.0,exponencial,True,0.5326438487435498,0
HAMACA,True,0,"FRONTERA ENERGY COLOMBIA CORP., SUCURSAL COLOMBIA",META,3.472404379,-72.20625417,144,3284.814967001106,6881.110967741935,8865.741935483871,0.7761460933349827,0.0011999928000272497,1.0,armónica,True,0.1847738052433063,0
HOATZIN,True,0,"FRONTERA ENERGY COLOMBIA CORP., SUCURSAL COLOMBIA",CASANARE,4.769192387,-71.69742844,146,87.24785160651794,17.805806451612902,233.19354838709677,0.07635634250933739,22.072977034001262,4.253257222430789e-08,exponencial,True,0.14467274589894139,0
HOATZIN NORTE,True,0,"FRONTERA ENERGY COLOMBIA CORP., SUCURSAL COLOMBIA",CASANARE,4.785651321,-71.68135608,146,204.93560452579402,57.488064516129036,543.741935483871,0.10572674418604652,41.73738794353401,0.9999999999999991,armónica,True,0.08493089474792279,0
HORMIGA,True,0,ECOPETROL S.A.,PUTUMAYO,0.4699450369,-76.8905473,142,39.21611010799689,19.716451612903228,119.86666666666666,0.16448652624780224,2.979288407978553,0.0,exponencial,True,0.5867120953645006,0
HURÓN,False,73,EQUION ENERGÍA LIMITED,CASANARE,5.55006,-72.329042,25,1351.7995052704064,20.03448275862069,3125.233333333333,0.0064105558279234694,62.903218318162565,0.04334236652178842,exponencial,True,0.7032168125827094,0
IBAMACA,True,0,HOCOL S.A.,TOLIMA,3.732736668,-75.36395682,51,826.1248902634838,1182.4474193548388,1854.2903225806451,0.6376819233512517,0.0011999928000272497,1.0,armónica,True,0.3280000194309672,0
INDICO,True,0,ONGC VIDESH LIMITED SUCURSAL COLOMBIANA,META,4.230826905,-72.94969543,87,14139.334350751882,22230.023548387097,26416.9,0.8415076541300113,0.0011999928000272497,1.0,armónica,True,0.3596725888940267,0
INFANTAS,True,0,ECOPETROL S.A.,SANTANDER,6.923628924,-73.76435238,146,9803.95094329098,5033.913870967742,14087.266666666666,0.3573378704386284,12.199194191012685,0.2320190099036785,hiperbólica,True,0.04549216439525493,0
ISTANBUL,True,0,MKMS ENERJI SUCURSAL COLOMBIA,GUAJIRA,11.41031938,-72.76599923,41,12.022257441162525,7.821935483870967,21.161290322580644,0.3696341463414634,22.295269588394962,0.0,exponencial,True,0.28470078968389345,0
JACAMAR,True,0,GEOPARK COLOMBIA S.A.S.,CASANARE,4.380541605,-72.67819983,87,271.58938691990676,643.4003225806451,1343.1333333333334,0.47902937602172413,0.0011999928000605564,0.9999926367663835,armónica,True,0.4042753854281013,0
JACANA,True,0,GEOPARK COLOMBIA S.A.S.,CASANARE,4.378888574,-72.72250231,127,20835.664902782235,16262.497741935484,30347.066666666666,0.5358836793210816,21.1310664421671,1.0,armónica,True,0.3462047174912442,0
JAZMIN,False,7,ECOPETROL S.A.,BOYACA,6.10403496,-74.56970011,140,3911.2345444106445,2105.1612903225805,6619.8387096774195,0.318007942889165,5.4973666111973625,0.0,exponencial,True,0.08547351676601198,0
JIBA,True,0,SIERRACOL ENERGY ARAUCA LLC,ARAUCA,6.9207433,-71.25971883,37,27.44948883215012,92.75258064516129,92.75258064516129,1.0,0.0011999928000272497,1.0,armónica,True,1.114284309581734,0
JIBA UNIFICADO,False,8,SIERRACOL ENERGY ARAUCA LLC,ARAUCA,6.9207433,-71.25971883,136,171.64902379472366,40.064516129032256,421.3225806451613,0.09509225939820841,9.532210386585959,0.0,exponencial,True,0.40551414933790125,0
JILGUERO,False,72,CEPSA COLOMBIA S.A.,CASANARE,4.488928519,-72.52367042,75,638.9987193177604,200.2258064516129,1325.774193548387,0.15102557239835518,49.820974106702764,1.0,armónica,True,0.1611847635467896,0
JILGUERO SUR,False,72,CEPSA COLOMBIA S.A.,CASANARE,4.484164292,-72.52699842,75,545.9297966700215,162.1290322580645,1205.0666666666666,0.1345394713360792,24.736383706124045,3.3576084786839447e-09,exponencial,True,0.10571495651206486,0
JORCAN,False,12,PERENCO COLOMBIA LIMITED,CASANARE,5.11982867,-71.42591328,131,37.97758125369721,3.5806451612903225,102.03225806451613,0.03509326588681631,0.0011999928021366735,1.0,armónica,True,0.486215486091659,0
JORDÁN,True,0,PERENCO COLOMBIA LIMITED,CASANARE,5.119071,-71.438478,146,540.7584138814454,619.0632258064516,1234.9666666666667,0.5012792996894261,0.0011999928000272497,1.0,armónica,True,0.12577601032609154,0
JUANAMBU,True,0,GRAN TIERRA ENERGY COLOMBIA GMBH SUCURSAL COLOMBIA,PUTUMAYO,0.9887476309,-76.54451281,142,365.62419787076186,202.3558064516129,945.3571428571429,0.21405223198508352,16.681242872018885,1.0,armónica,True,0.12054537596620309,0
JUAPE,False,71,VETRA EXPLORACION Y PRODUCCION COLOMBIA S.A.S. ANTES PETROTESTING COLOMBIA,CASANARE,4.859694378,-72.04674727,65,492.4396941656786,75.76666666666667,2592.766666666667,0.029222323643983902,58.01862834355658,0.17975013078279542,hiperbólica,True,0.6547848187113787,0
JUGLAR,False,21,GRAN TIERRA ENERGY COLOMBIA GMBH SUCURSAL COLOMBIA,SANTANDER,7.69958341,-73.70198369,108,162.6822735383034,3.966666666666667,365.7096774193548,0.010846490841198436,25.122049351017417,9.641428147040727e-07,exponencial,True,1.2006392745748644,0
KANANASKIS,True,0,VERANO ENERGY (SWITZERLAND) AG SUCURSAL,CASANARE,4.516755783,-72.61026776,139,896.1120488259005,69.88903225806452,6056.633333333333,0.011539254303776772,0.001199992800038352,1.0,armónica,True,0.6843155853503152,0
KITARO,True,0,VERANO ENERGY (SWITZERLAND) AG SUCURSAL,CASANARE,4.332490315,-72.71560614,91,824.9024036620724,977.1274193548387,3426.8064516129034,0.28514228426730426,61.13155578761247,0.9999999999999999,armónica,True,1.1370382474372487,0
KONA,False,58,PAREX RESOURCES COLOMBIA LTD. SUCURSAL,CASANARE,5.596446705,-71.87645012,59,658.3020758424974,42.61290322580645,3216.516129032258,0.013248154685494222,0.0011999928000272497,1.0,armónica,True,0.9283268169294842,0
LA BELLEZA,True,0,PAREX RESOURCES COLOMBIA LTD. SUCURSAL,MAGDALENA,9.879408296,-74.6148692,56,2713.3241335019825,3103.8822580645165,3908.451612903226,0.7941462669813969,0.0011999928000272497,1.0,armónica,True,0.15204283218935252,0
LA CASONA,False,114,PAREX RESOURCES COLOMBIA LTD. SUCURSAL,CASANARE,5.084986036,-72.45173861,33,281.1610434553704,1.1666666666666667,499.0,0.002338009352037408,17.54400757809217,0.0,exponencial,True,0.6882740706803973,0
LA CAÑADA NORTE,True,0,HOCOL S.A.,HUILA,2.409365106,-75.64784679,147,1386.6604526805688,788.5690322580645,2308.9666666666667,0.34152464981076575,21.42073475335382,1.0,armónica,True,0.3035362401014705,0
LA CIRA,True,0,ECOPETROL S.A.,SANTANDER,6.98768199,-73.77875762,146,24334.132871566908,19035.909354838706,32755.16129032258,0.581157552121803,0.0011999928000272497,1.0,armónica,True,0.040210458870583235,0
LA CRECIENTE,False,39,"FRONTERA ENERGY COLOMBIA CORP., SUCURSAL COLOMBIA",SUCRE,9.365239711,-75.11055712,89,9.33276022761156,1.2258064516129032,26.322580645161292,0.04656862745098039,75.51841814389351,1.0,armónica,True,0.6496863021587912,0
LA FLORA,True,0,PERENCO COLOMBIA LIMITED,CASANARE,5.213549621,-71.81394548,146,316.46196726068035,191.60999999999999,666.0333333333333,0.28768830388869426,0.0011999928176797958,0.0,exponencial,True,0.476286070036443,0
LA GLORIA,True,0,PERENCO COLOMBIA LIMITED,CASANARE,5.03582334,-72.35172983,146,751.2978517180791,391.96290322580643,2814.9032258064517,0.13924560518897114,5.64882388759238,0.0,exponencial,True,0.14064102699628755,0
LA GLORIA NORTE,True,0,PERENCO COLOMBIA LIMITED,CASANARE,5.152270244,-72.27244629,123,689.2040920451035,187.93387096774194,2210.766666666667,0.08500846054961714,0.0011999928000272497,1.0,armónica,True,0.4445356498253578,0
LA HOCHA,True,0,HOCOL S.A.,HUILA,2.478380623,-75.59886095,147,911.5338041260256,527.7458064516129,1509.5806451612902,0.3495976237793021,19.1499608045123,0.9999999999999891,armónica,True,0.08208429748203534,0
LA JAGUA,True,0,ECOPETROL S.A.,HUILA,2.998189058,-75.19972533,140,49.17118235586782,46.47064516129032,60.32258064516129,0.7703689839572192,1.5038186863130631,0.9999999998946472,armónica,True,0.189471773226045,0
LA PUNTA,True,0,HOCOL S.A.,CASANARE,4.822406144,-72.07547477,123,367.6735529637396,193.37,860.8064516129032,0.22463818624695522,0.0011999928000272497,1.0,armónica,True,0.4636359222281493,0
LA REFORMA,False,27,ECOPETROL S.A.,META,4.088193163,-73.4726897,40,35.473886328725044,5.67741935483871,166.96666666666667,0.03400331017072496,3.710990468057762,1.695846729493286e-08,exponencial,True,1.070962901151448,0
LABRADOR,True,0,COLOMBIA ENERGY DEVELOPMENT CO ANTES HARKEN DE COLOMBIA II LIMITADA SUCURSAL COLOMBIA,CASANARE,5.07541347,-71.95253244,145,876.5843550414528,199.2183870967742,3896.935483870968,0.05112180787219072,24.044072647044047,0.0,exponencial,True,0.49470579085891186,0
LAS ACACIAS,False,99,EMERALD ENERGY PLC SUCURSAL COLOMBIA,CASANARE,4.924953913,-72.16583983,26,64.71962365591398,0.4838709677419355,120.6774193548387,0.00400962309542903,51.01943377669911,0.0,exponencial,True,0.6063819765001031,0
LAS MARACAS,False,5,PAREX RESOURCES COLOMBIA LTD. SUCURSAL,CASANARE,5.366022,-71.967158,138,1570.0197908918046,2.870967741935484,12463.741935483871,0.00023034557011822682,1.5395630224310786,0.0,exponencial,True,0.44329587982217805,0
LEONA B,True,0,NEW GRANADA ENERGY CORPORATION SUCURSAL COLOMBIA,CASANARE,5.658852357,-71.12033541,132,102.38102408560418,92.85161290322581,378.1,0.24557422084957897,68.59436540369431,0.9999999999999999,armónica,True,0.4350213504460441,0
LEONA B NORTE,False,47,NEW GRANADA ENERGY CORPORATION SUCURSAL COLOMBIA,CASANARE,5.700792548,-71.11201865,67,36.294823119425914,16.133333333333333,105.45161290322581,0.1529927602732742,16.357875386413156,0.0,exponencial,True,0.7611245219063115,0
LEONA B SUR,False,48,NEW GRANADA ENERGY CORPORATION SUCURSAL COLOMBIA,CASANARE,5.624111483,-71.11760009,98,93.04550172365148,9.903225806451612,315.83870967741933,0.03135532632008988,85.41430174947028,0.5598648945417569,hiperbólica,True,0.2521576312078877,0
LEONA C,False,28,NEW GRANADA ENERGY CORPORATION SUCURSAL COLOMBIA,CASANARE,5.64313934,-71.10161074,115,38.60472984705804,5.2,135.63333333333333,0.03833865814696486,23.49989882153022,0.0,exponencial,True,0.852615817639708,0
LEONO,True,0,COLOMBIA ENERGY DEVELOPMENT CO ANTES HARKEN DE COLOMBIA II LIMITADA SUCURSAL COLOMBIA,CASANARE,5.30338199,-71.88947204,130,417.62715273889995,40.1441935483871,4493.9,0.008933041133177664,0.001199992800138272,1.0,armónica,True,0.49636623771997135,0
LIBERTAD,True,0,ECOPETROL S.A.,META,4.065946816,-73.47104936,67,173.5164303620939,210.8858064516129,359.61290322580646,0.5864244707570865,1.666487697886554,0.0,exponencial,True,0.45478686979755306,0
LIBERTAD NORTE,True,0,ECOPETROL S.A.,META,4.071124548,-73.47206421,138,218.7553876777049,415.19741935483876,559.5806451612904,0.7419795930132012,0.0011999928000272497,1.0,armónica,True,0.41344086081851067,0
LIEBRE,False,92,PETROSANTANDER COLOMBIA  GMBH,SANTANDER,7.408763,-73.455686,55,52.22033124828452,16.612903225806452,97.3225806451613,0.1706993702353331,1.7658214621550816,0.0,exponencial,True,0.17665846058473517,0
LISA,False,39,SAN AGUSTIN ENERGY CORP SUCURSAL COLOMBIA,TOLIMA,4.002801289,-75.00301239,50,3.687453307908258,2.6129032258064515,13.709677419354838,0.19058823529411764,0.3756668670673813,0.0,exponencial,True,0.9887956193817021,0
LISAMA,False,5,ECOPETROL S.A.,SANTANDER,7.070266613114754,-73.54951462278689,142,817.0563872668715,705.3225806451613,1195.0,0.590228100958294,0.00119999280052685,1.0,armónica,True,0.07945515908840535,0
LISAMA-NORTE,False,93,ECOPETROL S.A.,SANTANDER,7.13537999999999,-73.540816,39,36.39175409931805,10.5,72.41935483870968,0.14498886414253898,41.779852113432156,0.38800669273151617,hiperbólica,True,0.16734941634487824,0
LLANITO,False,93,ECOPETROL S.A.,SANTANDER,7.174349204,-73.82390417,54,2002.9030507147856,1819.8333333333333,2598.6451612903224,0.7003008184579227,7.037004993281171,1.0,armónica,True,0.05701101906443648,0
LLANITO UNIFICADO,True,0,ECOPETROL S.A.,SANTANDER,7.132660589,-73.85618602,92,5037.833335518301,4706.035806451612,6740.033333333334,0.6982214439767773,5.9189600653788315,0.9999999999998397,armónica,True,0.058820399892852954,0
LLANOS-58-4,True,0,ANDES OPERATING COMPANY LLC SUCURSAL COLOMBIA,META,3.851673934,-72.65220348,136,1528.4468725151348,182.9893548387097,4480.366666666667,0.0408424953698826,19.381230709849362,0.0,exponencial,True,0.09280867300273,0
LOMA LARGA,True,0,ECOPETROL S.A.,HUILA,3.174902877,-75.2653552,146,392.6313311295002,242.52645161290323,822.0967741935484,0.29500961349813615,7.789793253803968,0.9999999999999756,armónica,True,0.4438741656712617,0
LORITO,True,0,ECOPETROL S.A.,META,3.870009,-73.800716,49,821.6136089824456,1391.0993548387098,1465.5893548387096,0.9491740303966676,0.0011999928001160676,1.0,armónica,True,0.5707751298451962,0
LORO,True,3,ECOPETROL S.A.,PUTUMAYO,0.3764335590721649,-76.91214177484535,143,541.1802575177882,911.3474193548387,1422.8666666666666,0.6405009272512103,2.76451734155142,1.0,armónica,True,0.3169883127904196,0
LOS ACEITES,False,11,LEWIS ENERGY COLOMBIA INC,CASANARE,5.4336015,-71.37498552,95,82.90037914586244,10.733333333333333,272.06451612903226,0.039451426764682634,19.440495150576588,0.0,exponencial,True,0.5617215515535956,0
LOS ANGELES,True,0,GRAN TIERRA ENERGY COLOMBIA GMBH SUCURSAL COLOMBIA,CESAR,8.072389058,-73.58112225,141,591.0221241104698,218.04387096774192,1207.4193548387098,0.1805866951643067,20.944679077980034,0.9881745161647068,armónica,True,0.17440105353396418,0
LOS HATOS,True,0,COLOMBIA ENERGY DEVELOPMENT CO ANTES HARKEN DE COLOMBIA II LIMITADA SUCURSAL COLOMBIA,CASANARE,4.648365067,-72.14800414,120,38.07040201193566,34.00677419354839,52.38709677419355,0.6491440886699508,2.9502079572376383,0.273934955653641,hiperbólica,True,0.19661856091892255,0
LOS POTROS,True,3,EMERALD ENERGY PLC SUCURSAL COLOMBIA,CASANARE,5.0308486295,-72.15226478150001,60,146.81558737221252,9.289032258064516,410.6774193548387,0.022618804492969914,13.231052396059317,0.0,exponencial,True,0.8919655906449667,0
MACANA,True,0,SIERRACOL ENERGY ARAUCA LLC,ARAUCA,6.946902875,-71.12524586,101,191.49272389458872,51.3458064516129,523.6428571428571,0.09805501163860056,63.04965441290942,1.0,armónica,True,0.42041910796699533,0
MAMEY,True,0,HOCOL S.A.,SUCRE,9.497785905,-75.09416703,112,21.884172479058368,9.369677419354838,30.161290322580644,0.3106524064171123,22.561510358910752,0.0,exponencial,True,0.12365388003905518,0
MANAMO,False,71,"FRONTERA ENERGY COLOMBIA CORP., SUCURSAL COLOMBIA",MAGDALENA,9.655008357,-74.15117898,50,17.140398379151435,0.9333333333333333,61.45161290322581,0.015188101487314086,82.13808009286693,0.0,exponencial,True,0.8089316277065733,0
MANATUS,False,72,CEPSA COLOMBIA S.A.,CASANARE,4.555978994,-72.16230717,36,402.6192512550688,98.83870967741936,1211.4666666666667,0.08158599191950751,28.339177098000835,0.0,exponencial,True,0.5162635059756807,0
MANSOYA,True,0,ECOPETROL S.A.,PUTUMAYO,0.7465188083,-76.3729547,137,214.40176595243702,251.27903225806452,462.0967741935484,0.5437801047120419,13.890271041544954,1.0,armónica,True,0.679473512519856,0
MANTIS,True,0,"FRONTERA ENERGY COLOMBIA CORP., SUCURSAL COLOMBIA",CASANARE,4.670841711,-72.05263171,144,859.1201548807171,378.2058064516129,2823.5806451612902,0.1339454593229827,14.585125803020805,1.0,armónica,True,0.11825407934077763,0
MANÁ,True,0,INTEROIL COLOMBIA EXPLORATION AND PRODUCTION ANTES MERCANTILE COLOMBIA OIL AND GAS MCOG,TOLIMA,4.588493,-74.851124,146,546.2370736810198,243.79548387096773,1560.258064516129,0.156253307972213,15.011851497742612,0.9999999999711412,armónica,True,0.2797940324328119,0
MARIPOSA,False,17,ONGC VIDESH LIMITED SUCURSAL COLOMBIANA,META,4.28287478,-72.9683371,85,1764.4312609092583,117.2258064516129,3207.8214285714284,0.03654374442651512,29.53183558671546,0.0,exponencial,True,0.30363404947173706,0
MARSUPIAL,False,74,COLOMBIA ENERGY DEVELOPMENT CO ANTES HARKEN DE COLOMBIA II LIMITADA SUCURSAL COLOMBIA,CASANARE,5.109249653,-72.1439252,34,72.53187855787479,0.3225806451612903,284.1333333333333,0.0011353143306943583,76.37030861640797,0.0,exponencial,True,0.7169187321758975,0
MARY,True,0,GRAN TIERRA ENERGY COLOMBIA GMBH SUCURSAL COLOMBIA,CAUCA,1.044958904,-76.40957191,126,190.37972043031775,79.15516129032258,474.3225806451613,0.16688044069640914,10.3110569698467,0.99999999999883,armónica,True,0.37293102602166356,0
MATACHÍN NORTE,True,0,HOCOL S.A.,TOLIMA,3.861148,-74.857247,147,1745.9773380854012,600.2225806451613,5086.806451612903,0.11799595411279021,4.749766119694976,0.0,exponencial,True,0.07968799729958588,0
MATACHÍN SUR,True,0,HOCOL S.A.,TOLIMA,3.82967,-74.866406,147,364.45568328809355,73.05451612903227,1101.6785714285713,0.06631200608204699,21.16481713701832,0.9020462514811429,hiperbólica,True,0.08934346047361337,0
MATANEGRA OESTE,True,0,SIERRACOL ENERGY ARAUCA LLC,ARAUCA,6.976260873,-71.08354045,40,47.905663064780974,561.4574193548387,561.4574193548387,1.0,0.0011999928000272497,1.0,armónica,True,1.0410904043713916,0
MATEMARRANO,False,13,"FRONTERA ENERGY COLOMBIA CORP., SUCURSAL COLOMBIA",CASANARE,4.87652998,-71.89903638,119,205.9789811363923,16.928571428571427,1089.1785714285713,0.015542512378266714,9.669157948285424,0.0,exponencial,True,0.43472178981414106,0
MAURITÍA ESTE,True,0,SAN AGUSTIN ENERGY CORP SUCURSAL COLOMBIA,CASANARE,4.918674,-72.00822676,91,52.60721260002247,24.225483870967743,149.90322580645162,0.16160748870238864,25.348746711680338,1.0,armónica,True,0.7227610423340608,0
MAURITÍA NORTE,True,0,SAN AGUSTIN ENERGY CORP SUCURSAL COLOMBIA,CASANARE,4.992402,-72.00634,145,869.5843888191769,438.24451612903226,1920.516129032258,0.22819101048105347,4.289115035808678,0.9999999999887065,armónica,True,0.33460761742451517,0
MAUTE,False,13,TECPETROL COLOMBIA SAS,META,3.66272179,-71.76483784,33,454.25636212755234,70.96428571428571,799.7096774193549,0.08873756028973648,4.081881321432446,2.492190386460709e-09,exponencial,True,0.7436171849570659,0
MAX,True,0,GEOPARK COLOMBIA S.A.S.,CASANARE,4.493751,-72.550361,135,434.67362512236804,503.9141935483871,1361.0645161290322,0.37023534709548983,0.0011999928005157479,1.0,armónica,True,0.261377282052553,0
MEDINA,False,10,NIKOIL ENERGY CORP,BOYACA,4.727155,-73.13533804,49,53.47406923360477,0.0967741935483871,125.64516129032258,0.0007702182284980744,26.35559752691421,0.28166008114726376,hiperbólica,True,1.4234776271511025,0
MELERO,False,72,CEPSA COLOMBIA S.A.,CASANARE,4.491012257,-72.50812266,32,106.80054905582924,88.29032258064517,159.7741935483871,0.5525943872400565,0.001199992815081874,0.0,exponencial,True,0.6179277638574927,0
MIRAFLOR,False,72,GRAN TIERRA ENERGY COLOMBIA GMBH SUCURSAL COLOMBIA,CAUCA,1.09452187,-76.37472482,57,91.06857113120212,42.96774193548387,236.61290322580646,0.18159509202453988,0.001199992800038352,1.0,armónica,True,0.361357369551472,0
MIRTO,False,39,EMERALD ENERGY PLC SUCURSAL COLOMBIA,PUTUMAYO,0.86186496,-76.57557933,68,343.82722605727497,366.3225806451613,746.3,0.49085164229553974,15.619502248991813,1.0,armónica,True,0.9816731203125105,0
MIRTO - AGAPANTO UNIFICADO,True,0,EMERALD ENERGY PLC SUCURSAL COLOMBIA,PUTUMAYO,0.861865,-76.575579,38,378.9558158988963,291.69,502.38709677419354,0.5806080647232568,7.396619703111929,0.0,exponencial,True,0.3010878362164871,0
MITO,False,100,ECOPETROL S.A.,META,3.711972865,-71.73916452,41,188.6944759243397,133.96666666666667,328.35483870967744,0.40799358155679993,6.336437360254443,0.9999999999999993,armónica,True,0.3852716972024553,0
MOCHELO,False,122,PETROMINERALES COLOMBIA LTD SUCURSAL COLOMBIA,META,3.056541499,-73.66422015,25,387.22878648233484,208.51612903225808,767.483870967742,0.2716879623402825,0.0011999928000272497,1.0,armónica,True,0.546141817650318,0
MONO ARAÑA,True,0,GRAN TIERRA OPERATIONS COLOMBIA GMBH SUCURSAL,CESAR,8.127637748,-73.62082605,127,345.01827155990924,129.6358064516129,937.258064516129,0.13831388745482703,18.935485659145712,0.0,exponencial,True,0.5458536111248987,0
MOQUETA,True,0,GRAN TIERRA ENERGY COLOMBIA GMBH SUCURSAL COLOMBIA,PUTUMAYO,1.037393418,-76.56742907,145,3551.8730108421873,1040.5787096774193,7647.9,0.13606071074117332,30.163996384910718,0.0,exponencial,True,0.5245075071116491,0
MORICHAL,False,31,PERENCO COLOMBIA LIMITED,CASANARE,5.26841558,-72.27548978,113,394.16543652238965,3.5483870967741935,1604.967741935484,0.0022108775173855367,30.596436144445207,0.043572281074133634,exponencial,True,0.5830689763182546,0
MORICHE,True,0,ECOPETROL S.A.,BOYACA,6.19615728,-74.53358802,147,10093.699840223075,5702.002258064516,16232.387096774193,0.3512731814532476,5.757376641046196,0.1691118583478944,hiperbólica,True,0.040452090171755696,0
MORICHITO,False,96,DCX S.A.S.,CASANARE,4.61375958,-71.86135533,49,116.98074245111998,17.741935483870968,411.5,0.04311527456590758,47.41889274840388,0.47839989919463605,hiperbólica,True,0.6707317372369603,0
MORROCOY,True,0,SIERRACOL ENERGY ARAUCA LLC,ARAUCA,6.787246816,-71.2527129,125,211.5412645669792,31.61935483870968,706.0333333333333,0.04478450711303954,29.36890013392014,0.0,exponencial,True,0.6838713913489453,0
NANCY,False,9,GRAN TIERRA ENERGY COLOMBIA GMBH SUCURSAL COLOMBIA,PUTUMAYO,0.567139827,-76.73432002,95,196.4687389218318,15.366666666666667,421.3333333333333,0.03647151898734177,14.8912373980293,0.0,exponencial,True,0.6201373358562141,0
NARE SUR,False,7,ECOPETROL S.A.,ANTIOQUIA,6.07852058,-74.58928587,140,223.04060577512428,144.38709677419354,353.7096774193548,0.4082079343365253,0.0011999928017147887,1.0,armónica,True,0.1380376030421146,0
NASHIRA NORTE,True,0,OIRU CORPORATION,CASANARE,4.819776533,-71.55637824,146,619.7921225067427,253.74387096774194,1228.5806451612902,0.20653415953368692,18.75662710594792,0.9999999999999211,armónica,True,0.15153157483714677,0
NELSON,False,43,CANACOL ENERGY COLOMBIA SAS,CORDOBA,8.54805743,-75.35487848,104,1.0585866163869502,0.0,4.0,0.0,5.67765809191445,0.0,exponencial,True,0.45604623273174877,2
NUTRIA,False,5,ECOPETROL S.A.,SANTANDER,7.008906,-73.53988369032258,142,1066.8874064744418,837.741935483871,1602.0357142857142,0.5229233830516616,0.497250361221957,0.9999999998503708,armónica,True,0.08263325093301413,0
OCELOTE,True,0,HOCOL S.A.,META,4.283418894,-71.58380981,147,9459.354624069396,5433.231290322581,15742.0,0.34514237646567025,8.965889915561466,0.0,exponencial,True,0.21741517871009536,0
OJO DE TIGRE,False,4,GREEN POWER SUCURSAL COLOMBIA,CASANARE,6.091693459782609,-71.23030225434783,46,54.263095180520345,0.8666666666666667,137.23333333333332,0.006315278115132379,29.727800808405135,0.0,exponencial,True,0.4489293495159256,0
OLINI,False,54,HOCOL S.A.,TOLIMA,3.71256716,-75.36285659,24,50.65805778466373,21.5,84.46666666666667,0.25453827940015783,55.11880942716927,0.9999999999999357,armónica,True,0.4452834865605197,0
OMI,True,0,"SUELOPETROL, C.A. SUCURSAL COLOMBIA",CASANARE,5.704498095,-70.5721348,78,96.0360435944293,85.2058064516129,289.46666666666664,0.29435446724417175,1.163944357581237,0.0,exponencial,True,0.1405149691684707,0
ONCA,False,72,CEPSA COLOMBIA S.A.,CASANARE,4.599365643,-72.1352969,53,862.986693360997,228.48387096774192,1632.1612903225807,0.13998853686977486,35.80204330175828,0.05642005256503491,hiperbólica,True,0.29078385277304064,0
OPALO,False,88,"FRONTERA ENERGY COLOMBIA CORP., SUCURSAL COLOMBIA",META,4.082307599,-71.47788977,59,779.03118890059,572.4,1469.7,0.38946723821187995,0.0011999928000605564,1.0,armónica,True,0.11629472900112696,0
OPÓN,True,3,SAINT AUBIN INTERNATIONAL SAS,SANTANDER,6.398632,-73.865996,104,23.105678730335292,4.8029032258064515,77.23333333333333,0.062186921352694664,41.48752682063714,0.487384610516495,hiperbólica,True,0.8503643595024699,0
ORITO,True,0,ECOPETROL S.A.,PUTUMAYO,0.6739494083,-76.88492935,146,2211.497985377498,1712.9883870967742,3460.9285714285716,0.4949505173953076,8.999336174744466,0.9999999999999977,armónica,True,0.07449673142638483,0
OROPÉNDOLA,True,0,PERENCO COLOMBIA LIMITED,CASANARE,5.005762,-71.388025,146,230.63104099503178,196.8183870967742,559.9032258064516,0.3515221524456991,1.1717544639203936,0.0,exponencial,True,0.14366942824944923,0
ORTEGA,True,0,HOCOL S.A.,TOLIMA,3.977602529,-75.19206475,128,193.62016662445706,140.12645161290322,434.38709677419354,0.32258428635080943,6.150904314052275,0.0,exponencial,True,0.3320575967775169,0
OSO PARDO,True,0,ARROW EXPLORATION  SUCURSAL COLOMBIA,CESAR,8.17134532,-73.71583662,132,159.83553166738096,111.09032258064516,626.1290322580645,0.17742400824317361,2.765038960801658,0.0,exponencial,True,0.247662600021352,0
PACANDE,True,0,HOCOL S.A.,TOLIMA,4.001542724,-75.16844718,128,282.0586866235301,21.393548387096775,746.1935483870968,0.028670240359674908,53.45575609297504,0.9999999999999999,armónica,True,0.5664202821050021,0
PACHAQUIARO,True,0,ECOPETROL S.A.,META,3.986275116,-73.49839075,41,559.8887571459577,751.0054838709677,926.0,0.8110210408973734,0.0011999928000272497,1.0,armónica,True,0.5612474627434078,0
PALAGUA,True,0,ECOPETROL S.A.,BOYACA,6.09425334,-74.51299878,146,6787.401371066605,7276.814838709678,8217.354838709678,0.8855422434030259,1.9836442601462445,0.0,exponencial,True,0.020070187573415006,0
PALERMO,False,41,ECOPETROL S.A.,HUILA,2.938046849,-75.36669315,106,159.54003577400067,158.90322580645162,234.09677419354838,0.6787928896238115,0.0011999928000272497,1.0,armónica,True,0.10896818344440938,0
PALERMO - SANTA CLARA UNIFICADO,True,0,ECOPETROL S.A.,HUILA,2.951702,-75.366693,41,486.0383517594074,480.8803225806452,596.0322580645161,0.8068025112301782,3.3809098085952782,1.0,armónica,True,0.10322283794605737,0
PALMARITO,True,0,PERENCO COLOMBIA LIMITED,CASANARE,5.329638126,-71.24496816,146,214.05631638618544,108.3941935483871,558.7096774193549,0.19400808314087759,8.47010325643246,0.0,exponencial,True,0.15477383341931303,0
PALOGRANDE,False,36,ECOPETROL S.A.,HUILA,3.054880201,-75.28556953,111,1175.3782426634486,2219.5806451612902,2294.75,0.9672429001683366,0.0011999928000272497,1.0,armónica,True,0.09163789165027417,0
PALOGRANDE HONDA,False,42,ECOPETROL S.A.,HUILA,3.050589357,-75.28567772,91,373.6669514764065,495.8333333333333,904.4137931034483,0.5482372528087032,8.974365204880218,0.0,exponencial,True,0.5040419939260371,0
PANTRO,True,0,COLOMBIA ENERGY DEVELOPMENT CO ANTES HARKEN DE COLOMBIA II LIMITADA SUCURSAL COLOMBIA,CASANARE,5.290064029,-71.8953012,137,90.47963659366623,1.8912903225806452,1226.5806451612902,0.0015419208920681676,43.610285879950005,1.0,armónica,True,0.6341575192268859,0
PARAVARE,True,0,PERENCO COLOMBIA LIMITED,CASANARE,5.081333233,-71.44967025,146,216.92732514455795,341.9793548387097,680.1290322580645,0.5028154050464808,0.0011999928001049653,1.0,armónica,True,0.16673271547522986,0
PAUTO SUR,True,0,ECOPETROL S.A.,CASANARE,5.431411204,-72.44950179,146,21779.76879629519,11444.088387096774,33077.354838709674,0.3459795513546935,3.4201801736330695,0.0,exponencial,True,0.05223015374643212,0
PAUTO SUR RECETOR,True,0,ECOPETROL S.A.,CASANARE,5.374462,-72.50682332,146,650.7862303525262,301.71677419354836,1555.5,0.1939677108283821,0.0011999928001049653,1.0,armónica,True,0.2116877441741722,0
PAVAS CACHIRA,False,22,ECOPETROL S.A.,NORTE DE SANTANDER,7.692775,-73.543035,73,49.167757427075244,9.935483870967742,62.7,0.15846066779852858,11.829525652565664,1.6369866252244e-08,exponencial,True,0.5746535786003746,0
PAYOA,True,0,PETROSANTANDER COLOMBIA  GMBH,SANTANDER,7.293824233,-73.47011793,146,536.0832277528775,463.46451612903223,872.258064516129,0.5313387573964496,6.457911411108396,0.0,exponencial,True,0.07747940418244761,0
PAYOA WEST,True,0,PETROSANTANDER COLOMBIA  GMBH,SANTANDER,7.306567582,-73.47191514,141,6.574186870923789,5.779354838709677,13.0,0.4445657568238213,2.5747737419946404,0.9999999999999867,armónica,True,0.3857277473545222,0
PEDERNALITO,False,68,"FRONTERA ENERGY COLOMBIA CORP., SUCURSAL COLOMBIA",MAGDALENA,9.66036876,-74.13224986,62,7.46359041194432,0.16129032258064516,58.516129032258064,0.0027563395810363835,7.129972315904887,0.0,exponencial,True,0.7932791886211409,0
PEGUITA,True,0,COLOMBIA ENERGY DEVELOPMENT CO ANTES HARKEN DE COLOMBIA II LIMITADA SUCURSAL COLOMBIA,META,4.223020974,-72.02702407,146,1800.9885452597546,1264.3316129032257,3392.1935483870966,0.372718005287282,5.184002986219205,1.0,armónica,True,0.09016841642517531,0
PEGUITA II,True,0,COLOMBIA ENERGY DEVELOPMENT CO ANTES HARKEN DE COLOMBIA II LIMITADA SUCURSAL COLOMBIA,META,4.198368679,-72.03927222,146,562.101592307028,478.9983870967742,1265.892857142857,0.3783877793400953,11.661693824614138,0.0,exponencial,True,0.12121959769346732,0
PEGUITA III,True,0,COLOMBIA ENERGY DEVELOPMENT CO ANTES HARKEN DE COLOMBIA II LIMITADA SUCURSAL COLOMBIA,META,4.216761136,-72.04587274,146,1093.9936093920403,334.64032258064515,3462.714285714286,0.09664104369258286,13.766689084336392,2.399033557099877e-08,exponencial,True,0.19430282566663817,0
PEGUITA SW,True,0,COLOMBIA ENERGY DEVELOPMENT CO ANTES HARKEN DE COLOMBIA II LIMITADA SUCURSAL COLOMBIA,META,4.110712217,-72.08858996,146,1357.2281680095737,495.6225806451613,4187.096774193548,0.11836902927580895,4.043676444046341,0.0,exponencial,True,0.07800205703315173,0
PENDARE,True,0,TECPETROL COLOMBIA SAS,META,3.735669,-71.860652,145,2933.838309972219,4323.701612903225,6804.774193548387,0.6353923715797257,12.125090046955833,0.0,exponencial,True,0.4408465715594645,0
PENDARE NORTE,True,0,TECPETROL COLOMBIA SAS,META,3.792926,-71.855215,56,2928.859820049961,3137.801935483871,6611.3,0.47461194250508537,6.4109717138642,0.0,exponencial,True,0.9510348690356663,0
PETIRROJO,False,39,"FRONTERA ENERGY COLOMBIA CORP., SUCURSAL COLOMBIA",CASANARE,5.258377513,-71.26189688,82,340.79970020890414,28.129032258064516,1090.0,0.025806451612903226,63.92241717988032,0.34705648543163514,hiperbólica,True,0.5449384986515275,0
PETIRROJO SUR,False,39,"FRONTERA ENERGY COLOMBIA CORP., SUCURSAL COLOMBIA",CASANARE,5.24618714,-71.25830049,82,115.52570597217971,67.6774193548387,501.3225806451613,0.134997747892671,0.0011999928000272497,1.0,armónica,True,0.7633658965191675,0
PETIRROJO UNIFICADO,False,12,"FRONTERA ENERGY COLOMBIA CORP., SUCURSAL COLOMBIA",CASANARE,5.25229635,-71.25928699,27,45.35858939876367,32.806451612903224,84.83870967741936,0.38669201520912544,43.43649361203584,0.9999999999999996,armónica,True,0.09862950483129208,0
PEÑAS BLANCAS,True,0,ECOPETROL S.A.,ANTIOQUIA,6.959873623,-73.97114316,147,1330.516179106793,1248.53,2517.464285714286,0.49594745279405295,14.101493762924978,0.0,exponencial,True,0.14872656192362366,0
PIJAO POTRERILLO,False,42,ECOPETROL S.A.,HUILA,3.027703089,-75.27313761,103,148.28885068785013,101.1,301.26666666666665,0.33558309360477984,0.001199992800038352,1.0,armónica,True,0.3183673054470917,0
PIMIENTO,False,57,PAREX RESOURCES COLOMBIA LTD. SUCURSAL,CESAR,8.169142,-73.593366,36,7.560489462130174,7.666666666666667,32.74193548387097,0.2341543513957307,13.751820325427067,0.0,exponencial,True,0.8108266689049528,0
PINTADO,True,0,HOCOL S.A.,META,4.280648338,-71.49313897,147,1223.1943021220354,661.3406451612904,2521.5,0.26228064452163014,25.097376864875287,0.0,exponencial,True,0.24705441660440386,0
PIRITO,True,0,PERENCO COLOMBIA LIMITED,CASANARE,5.062633786,-71.45944456,140,50.77408918261409,21.741935483870968,91.12903225806451,0.23858407079646018,49.900259791410626,0.6974365020967572,hiperbólica,True,0.2763788082338075,0
PISINGO,True,0,"FRONTERA ENERGY COLOMBIA CORP., SUCURSAL COLOMBIA",CASANARE,4.747014672,-72.00592504,145,871.5942888641092,274.0567741935484,2628.6428571428573,0.10425789621775705,17.032071662103654,1.0,armónica,True,0.17240127744814376,0
PLATANILLO,True,0,AMERISUR EXPLORACION COLOMBIA LIMITADA,PUTUMAYO,0.4948431761,-76.28786239,139,3190.2112259024816,811.2822580645161,7202.774193548387,0.11263469272592101,30.24746106369699,0.0,exponencial,True,0.6176214818769872,0
POMPEYA,True,0,ECOPETROL S.A.,META,4.025784414,-73.45436653,128,19.294635440461292,4.9712903225806455,110.58064516129032,0.04495624270711786,0.0011999928000272497,0.9999999999999999,armónica,True,0.8000879033938143,0
POTRILLO,False,53,PERENCO OIL AND GAS COLOMBIA LIMITED.,CASANARE,5.554033803,-71.75577879,71,76.23277745822358,39.61290322580645,226.0,0.17527833285755065,36.520214817570626,0.9999999999999969,armónica,True,0.5807606373734107,0
PRIMAVERA,False,24,LEWIS ENERGY COLOMBIA INC,CASANARE,5.46483438,-71.36718736,72,38.15984798659298,8.129032258064516,84.70967741935483,0.09596344249809596,18.95857683819131,3.6940098693499074e-07,exponencial,True,0.5715182126098437,0
PROVINCIA,True,0,ECOPETROL S.A.,SANTANDER,7.348257136,-73.45512762,146,2485.572891898261,1538.6309677419354,4974.290322580645,0.30931667996083084,0.5409974319719346,1.012892824423222e-06,exponencial,True,0.061625269891347194,0
PULI,False,71,HOCOL S.A.,CUNDINAMARCA,4.588486392,-74.74504924,68,79.86293481241216,53.53333333333333,147.7741935483871,0.36226442552572213,6.102437652467707,0.0,exponencial,True,0.7336701281382474,0
PUMARA,True,0,COLOMBIA ENERGY DEVELOPMENT CO ANTES HARKEN DE COLOMBIA II LIMITADA SUCURSAL COLOMBIA,CASANARE,5.156156,-71.924529,53,332.8391065444584,302.45129032258063,873.9032258064516,0.3460924292200362,21.937085078392894,0.0,exponencial,True,0.4803379052166555,0
PURIFICACIÓN,False,18,HOCOL S.A.,TOLIMA,3.86053099999999,-74.9207279999999,113,136.22352649171927,0.13333333333333333,661.9677419354839,0.00020141968390104446,33.230041049210435,0.0,exponencial,True,0.39778730864927464,0
QUERUBÍN,False,35,GRAN TIERRA ENERGY COLOMBIA GMBH SUCURSAL COLOMBIA,CESAR,8.082276,-73.581148,105,81.6486121894067,42.3,142.73333333333332,0.29635684259691736,0.0011999953912544825,0.0,exponencial,True,0.33104229870918517,0
QUIFA,True,0,"FRONTERA ENERGY COLOMBIA CORP., SUCURSAL COLOMBIA",META,3.750366896,-71.63940682,146,37751.592244932035,24591.130967741938,60449.76666666667,0.40680274422468576,1.3245014123885346,0.9999999999933639,armónica,True,0.038051032153959115,0
QUILILI,False,53,ECOPETROL S.A.,PUTUMAYO,0.551792062,-76.46528513,59,232.84651742901494,3.870967741935484,325.64516129032256,0.011887072808320952,13.179404147260133,0.0,exponencial,True,0.7046153818525713,0
QUILLACINGA,True,1,GRAN TIERRA OPERATIONS COLOMBIA GMBH SUCURSAL,PUTUMAYO,0.271058902919708,-76.55123411649635,138,741.5291391660161,4.471071428571428,2241.6785714285716,0.001994519413067376,18.158522192165126,0.0,exponencial,True,0.7251253812002714,0
QUINDE,True,0,GRAN TIERRA OPERATIONS COLOMBIA GMBH SUCURSAL,PUTUMAYO,0.4171251357,-76.57799154,133,786.0714494951426,9.931935483870967,7190.903225806452,0.0013811805237800446,39.281862421737166,0.0,exponencial,True,0.6874798841224898,0
QURIYANA,True,0,ECOPETROL S.A.,PUTUMAYO,0.5575549527,-77.1073164,77,420.9916424282323,400.3725806451613,852.6333333333333,0.46957181357186906,13.356795000825105,5.273413374166415e-09,exponencial,True,1.0538263921132325,0
RAMIRIQUI,True,0,COLOMBIA ENERGY DEVELOPMENT CO ANTES HARKEN DE COLOMBIA II LIMITADA SUCURSAL COLOMBIA,CASANARE,5.15546073,-72.55167179,146,1157.9663317725644,228.47387096774193,2564.8,0.0890805797597247,28.31640586823706,0.9999999999999998,armónica,True,0.3017869910549069,0
RANCHO HERMOSO,True,0,CANACOL ENERGY COLOMBIA SAS,CASANARE,5.03547329,-71.96742299,107,1444.0563044831003,1394.5393548387096,2464.793103448276,0.5657835348888846,0.0011999928002159876,1.0,armónica,True,0.11200774942308045,0
RANCHO HERMOSO 4,False,107,CANACOL ENERGY COLOMBIA SAS,CASANARE,5.02554099999999,-71.971445,38,2084.8515541495567,2013.8333333333333,4572.967741935484,0.4403777693128859,66.2709888927721,0.9999999999999986,armónica,True,0.3010338336513689,0
RANCHO QUEMADO,True,0,COLOMBIA ENERGY DEVELOPMENT CO ANTES HARKEN DE COLOMBIA II LIMITADA SUCURSAL COLOMBIA,META,4.333198438,-71.89952283,146,111.07478780692036,39.38387096774194,180.19354838709677,0.21856426781238816,6.44886793173084,0.0,exponencial,True,0.072344264977137,0
RECETOR WEST,True,0,ECOPETROL S.A.,CASANARE,5.302106972,-72.57969734,53,252.55425752583238,165.03354838709677,458.4193548387097,0.36000562944198156,19.01182872218259,0.9999999999988055,armónica,True,0.3340292123079063,0
REDONDO,True,0,SIERRACOL ENERGY ARAUCA LLC,ARAUCA,6.917162379,-71.17718635,144,1205.4444608638862,1374.6393548387098,3957.7419354838707,0.3473292036840819,6.56122268884064,0.0,exponencial,True,0.40491420687707286,0
REDONDO ESTE,True,0,SIERRACOL ENERGY ARAUCA LLC,ARAUCA,6.92918107,-71.16342575,97,37.81928244604953,6.102258064516128,69.53333333333333,0.08776018309467107,34.858887844881345,0.0,exponencial,True,0.43250809885485986,0
REMACHE NORTE,True,0,PERENCO COLOMBIA LIMITED,CASANARE,5.181001786,-71.06848233,146,454.2818311469148,276.6867741935484,881.516129032258,0.313876020053427,10.119209430488919,0.0,exponencial,True,0.1228337118989348,0
REMACHE SUR,True,0,PERENCO COLOMBIA LIMITED,CASANARE,5.094828457,-71.13838948,145,221.03169597765083,135.16548387096773,417.38709677419354,0.3238372362624623,10.16253459510782,0.0,exponencial,True,0.11675452733488252,0
REX,True,0,SIERRACOL ENERGY ARAUCA LLC,ARAUCA,6.826856486,-71.19751387,145,349.3326755855348,169.05129032258066,2438.266666666667,0.06933256835015884,61.42350450814229,0.0,exponencial,True,0.5123618157959124,0
REX NE,True,0,SIERRACOL ENERGY ARAUCA LLC,ARAUCA,6.846627132,-71.17674671,99,11059.73527794364,12996.696451612903,19729.25806451613,0.6587524178107838,1.7195223616059074,0.0,exponencial,True,0.4878482583093455,0
RIO CEIBAS,False,25,ECOPETROL S.A.,HUILA,2.95898138,-75.18242243,122,1008.561910080504,617.9655172413793,1528.4642857142858,0.4043048457312106,11.049365630258956,0.0,exponencial,True,0.061777978470152595,0
RIO CRAVO ESTE,True,0,PETROLEOS COLOMBIANOS SA,CASANARE,4.943873899,-71.78736292,81,1395.8658851725643,1650.601935483871,3571.0967741935483,0.46221148287324765,16.929873233348157,0.0,exponencial,True,0.6138010004432949,0
RIO ZULIA,True,0,IBEROAMERICANA DE HIDROCARBUROS ENERGY COLOMBIA S.A.S,NORTE DE SANTANDER,8.203422321,-72.4507011,146,448.3587344730356,404.07903225806456,638.5862068965517,0.632771312462005,0.7780760729719227,0.9999999999964247,armónica,True,0.09733377737493264,0
ROSE,False,6,GRAN TIERRA OPERATIONS COLOMBIA GMBH SUCURSAL,PUTUMAYO,0.5482130866666666,-76.56336272074074,27,194.0619780355598,0.26666666666666666,342.8666666666667,0.0007777561734396267,33.92166800074631,0.0,exponencial,True,1.0845910866982298,0
RUBIALES,True,0,ECOPETROL S.A.,META,3.795198049,-71.4656222,146,119502.85871551398,95266.78967741935,195896.93548387097,0.4863107707229196,4.135596561483235,0.9999999999999999,armónica,True,0.03237040828095404,0
RUMBA,True,0,PAREX RESOURCES COLOMBIA LTD. SUCURSAL,CASANARE,4.876590825,-72.41392872,129,1693.1453469607138,554.9548387096773,4872.096774193548,0.11390472407057965,59.804560596600155,0.19806500198959984,hiperbólica,True,0.319774460212222,0
RÍO OPIA,True,0,INTEROIL COLOMBIA EXPLORATION AND PRODUCTION ANTES MERCANTILE COLOMBIA OIL AND GAS MCOG,TOLIMA,4.571009,-74.832829,145,34.49114400054065,25.743870967741934,99.51612903225806,0.25869043760129656,11.504997239297266,0.0,exponencial,True,0.3817849063752518,0
RÍO SALDAÑA,True,0,HOCOL S.A.,TOLIMA,3.686842,-75.36593,141,573.2950465609844,788.2209677419354,1287.1,0.6124007208001985,0.2819310265990693,0.0,exponencial,True,0.24454656567155153,0
SABANERO,True,0,"FRONTERA ENERGY COLOMBIA CORP., SUCURSAL COLOMBIA",META,4.104357764,-71.25268595,111,995.5460333840115,1401.3012903225806,2672.3870967741937,0.524363140360195,0.0011999928000494542,1.0,armónica,True,0.5186661075676587,0
SAIMIRÍ,True,0,"FRONTERA ENERGY COLOMBIA CORP., SUCURSAL COLOMBIA",CASANARE,4.939954,-71.937198,146,247.33379431792372,65.11548387096774,1042.4193548387098,0.06246572799009747,0.0011999928000272497,1.0,armónica,True,0.117211844212291,0
SALINA,True,0,PETROSANTANDER COLOMBIA  GMBH,SANTANDER,7.275732279,-73.52431064,146,1158.3959226648512,751.7770967741935,2431.064516129032,0.3092378222735295,4.528707777475482,0.9999999999999998,armónica,True,0.055793459994463175,0
SALTADOR,True,0,GEOPARK COLOMBIA S.A.S.,META,4.442561312,-72.90891078,32,1494.742986598039,2105.9435483870966,2105.9435483870966,1.0,0.0011999928000272497,1.0,armónica,True,0.37571299173003064,0
SAN ANTONIO,False,6,ECOPETROL S.A.,PUTUMAYO,0.5349206472,-77.041858559,129,140.50720149249133,5.9,432.03225806451616,0.013656387665198238,28.95919400250572,0.0,exponencial,True,0.43853420675971744,0
SAN FRANCISCO,True,0,ECOPETROL S.A.,HUILA,3.057358135,-75.38654902,147,4210.0455216905875,2681.2977419354843,6206.709677419355,0.4319998648704836,7.224666359599741,0.9999999999999999,armónica,True,0.035849771130952376,0
SAN LUIS,False,79,ECOPETROL S.A.,SANTANDER,4.08299258,-75.11771589,68,50.89472690633539,28.0,55.03225806451613,0.5087924970691676,2.379396268917089,0.0,exponencial,True,0.09817460492095771,0
SAN ROQUE,True,0,ECOPETROL S.A.,CESAR,7.982969815,-73.57291509,146,1619.5791966340073,1171.9474193548388,2510.4285714285716,0.46683161301336545,3.8434678291057955,0.0,exponencial,True,0.06395050768527848,0
SANTA CLARA,False,41,ECOPETROL S.A.,HUILA,2.949089643,-75.34843156,106,593.5476932040892,366.6774193548387,1042.4666666666667,0.35174018611770674,1.0247054597940286,1.0,armónica,True,0.11820827420952423,0
SANTA LUCÍA,True,0,GRAN TIERRA ENERGY COLOMBIA GMBH SUCURSAL COLOMBIA,CESAR,7.773443,-73.653718,101,214.7116941528095,25.966129032258067,350.6333333333333,0.07405493592240156,33.04788452306134,1.0,armónica,True,0.5098179298204201,0
SANTIAGO,True,0,HOCOL S.A.,CASANARE,4.734781569,-72.31113689,121,631.2141989372074,374.94032258064516,1122.9,0.3339035734087142,3.996877766750895,0.0,exponencial,True,0.12855295842700967,0
SANTO DOMINGO,False,54,HOCOL S.A.,CASANARE,4.859603565,-72.04660158,90,623.5994609825144,91.3,2208.3928571428573,0.04134228187919463,3.9436302261842693,4.064756029395582e-09,exponencial,True,0.7033047585698269,0
SANTO DOMINGO NORTE,False,54,HOCOL S.A.,CASANARE,4.859580443,-72.04660309,78,722.2177918145383,173.33333333333334,3863.8928571428573,0.044859767012666106,20.85320954314812,0.0,exponencial,True,0.4141557625578669,0
SANTO DOMINGO UNIFICADO,True,0,HOCOL S.A.,CASANARE,4.854692668,-72.04955966,44,328.56288262812456,396.158064516129,494.35483870967744,0.801363784665579,0.0011999928000494542,0.9999999999999999,armónica,True,0.2508585518950188,0
SARDINAS,True,0,PERENCO COLOMBIA LIMITED,CASANARE,4.975068903,-71.50580348,146,671.3053335345063,411.97967741935486,1099.8666666666666,0.37457238218513295,11.66791699360903,0.9999999999999789,armónica,True,0.15486559132317473,0
SARDINATA,True,0,ECOPETROL S.A.,NORTE DE SANTANDER,8.47503735,-72.65059808,146,156.18889787032342,37.45258064516129,406.38709677419354,0.09215986664549929,6.81035148765462,0.0,exponencial,True,0.2944801028738139,0
SAURIO,True,0,ECOPETROL S.A.,META,4.069479237,-73.42217745,70,300.2440845762109,47.77451612903226,624.516129032258,0.07649845041322315,18.16935726422686,0.5064354384522383,hiperbólica,True,0.656033521472919,0
SIRENAS,False,68,PERENCO COLOMBIA LIMITED,CASANARE,5.27270826,-71.15650018,68,52.0302929180571,1.0,116.48387096774194,0.008584879534754916,17.661026757901656,0.0,exponencial,True,0.8099542738051054,0
SUCIO,True,2,ECOPETROL S.A.,PUTUMAYO,0.6193716024528302,-77.02721196301887,134,74.3727803181771,29.08516129032258,121.96774193548387,0.238466014281936,15.336748901070663,0.0,exponencial,True,0.6113461401472471,0
SUCUMBIOS,False,18,ECOPETROL S.A.,NARIÑO,0.47337305,-77.16603508,117,260.21402562336937,124.2,430.80645161290323,0.2882965181579933,25.73798785048028,0.0,exponencial,True,0.8835089669430299,1
SURIA,True,0,ECOPETROL S.A.,META,4.055481095,-73.45124499,146,3664.7498489887303,3505.872580645161,6510.645161290323,0.5384831293662983,17.510805072708415,0.9999999999999938,armónica,True,0.0889049830537367,0
SURIA SUR,True,0,ECOPETROL S.A.,META,4.028351795,-73.44242882,146,1178.203887867907,585.3251612903226,2327.3571428571427,0.25149778283351804,7.675670905510779,0.0,exponencial,True,0.12041823307120643,0
TANANE,False,33,ECOPETROL S.A.,META,4.051541404,-73.43624688,103,167.94290764331043,11.033333333333333,441.6774193548387,0.024980523906904275,22.489667974806814,0.0,exponencial,True,0.5355205675814799,0
TARO TARO,False,12,GEOPARK COLOMBIA S.A.S.,CASANARE,4.447031,-72.61509448,123,950.52114098902,0.5483870967741935,3740.8064516129034,0.00014659595567628162,35.00726352019699,0.0,exponencial,True,0.5386484550936806,0
TAYA,False,108,PETROMINERALES COLOMBIA LTD SUCURSAL COLOMBIA,META,4.37248138,-72.87448573,24,239.4023169482847,21.0,499.7741935483871,0.04201897631188279,56.930963378426604,0.0,exponencial,True,0.4314185004419363,0
TELLO,True,0,ECOPETROL S.A.,HUILA,2.967199261,-75.25066133,147,4022.478917173204,2913.71,5065.387096774193,0.5752196119138747,6.100397106950172,0.9999999999999999,armónica,True,0.045069565606470845,0
TEMPRANILLO,False,43,ECOPETROL S.A.,HUILA,3.12765157,-75.28003566,104,251.85939818662985,186.70967741935485,478.61290322580646,0.39010581653973175,0.0011999928000272497,1.0,armónica,True,0.34415716978645483,0
TEMPRANILLO NORTE,False,43,ECOPETROL S.A.,HUILA,3.130509964,-75.27626543,104,165.31550247120325,162.93548387096774,323.76666666666665,0.5032497185348536,0.0011999928000272497,1.0,armónica,True,0.381039314909922,0
TEMPRANILLO UNIFICADO,True,0,ECOPETROL S.A.,HUILA,3.127405,-75.288593,42,297.1873348315967,281.92354838709673,363.62068965517244,0.7753231771669801,7.185956198189447,0.0,exponencial,True,0.25099660266027657,0
TENAY,True,0,ECOPETROL S.A.,HUILA,3.077966806,-75.30436701,145,273.7294232224822,167.01870967741937,772.1071428571429,0.21631545728145343,0.0011999928000716586,1.0,armónica,True,0.37166242730893173,0
TERECAY,True,0,SIERRACOL ENERGY ARAUCA LLC,ARAUCA,6.765810696,-71.30549946,145,1327.1250250515532,2257.1109677419354,3598.6666666666665,0.6272075679164326,0.0011999928001604765,1.0,armónica,True,0.5074685515513102,0
TESORO,False,5,ECOPETROL S.A.,SANTANDER,7.02174908704918,-73.56573558409836,142,235.78239403047874,288.64516129032256,406.0967741935484,0.7107792517276987,0.0011999928000272497,1.0,armónica,True,0.1180866742261376,0
TIBÚ,True,0,ECOPETROL S.A.,NORTE DE SANTANDER,8.681159,-72.711806,146,1736.3597821463218,1151.4406451612904,3585.967741935484,0.32109620833895564,0.22816126271236747,0.0,exponencial,True,0.4758002883347349,0
TIERRA BLANCA,False,12,PERENCO COLOMBIA LIMITED,CASANARE,5.35764921,-72.09726198,24,3.466049027137737,0.7419354838709677,18.29032258064516,0.040564373897707236,65.0062495512152,1.0,armónica,True,2.30637065005616,0
TIGANA,True,0,GEOPARK COLOMBIA S.A.S.,CASANARE,4.450906,-72.659953,146,16119.410063487407,15032.19,37788.0,0.39780327087964434,17.92412100148467,0.0,exponencial,True,0.19856702315993777,0
TIGANA NORTE,False,81,GEOPARK COLOMBIA S.A.S.,CASANARE,4.46744552,-72.6581351,61,6265.152404788389,18219.433333333334,18653.071428571428,0.9767524561893931,0.0011999928008821215,1.0,armónica,True,0.19529723934433865,0
TIGANA SUR,False,81,GEOPARK COLOMBIA S.A.S.,CASANARE,4.422809574,-72.69122681,66,6822.844645846676,10993.866666666667,14343.766666666666,0.7664560447860046,0.0011999928000272497,1.0,armónica,True,0.16428391523712338,0
TIGRO,True,0,COLOMBIA ENERGY DEVELOPMENT CO ANTES HARKEN DE COLOMBIA II LIMITADA SUCURSAL COLOMBIA,CASANARE,5.27884124,-71.90251152,54,200.20574929178608,0.6935483870967742,1113.1935483870968,0.0006230258773073691,37.937259637398014,0.0,exponencial,True,0.45991860658958106,0
TIJERETO,False,29,"FRONTERA ENERGY COLOMBIA CORP., SUCURSAL COLOMBIA",CASANARE,5.17384942,-71.34045463,61,75.63912261781022,13.225806451612904,141.6451612903226,0.09337280801639718,5.538410663680448,0.9999999998671617,armónica,True,0.8330671766913815,0
TILO,True,0,GEOPARK COLOMBIA S.A.S.,CASANARE,4.4810543,-72.63143344,130,452.53650801969627,482.88774193548386,1542.4,0.3130755588274662,0.0011999928000272497,1.0,armónica,True,0.5275312820375468,0
TILODIRÁN,True,0,COLOMBIA ENERGY DEVELOPMENT CO ANTES HARKEN DE COLOMBIA II LIMITADA SUCURSAL COLOMBIA,CASANARE,5.101443427,-72.19833674,147,1057.5117627133486,686.4203225806451,2446.6774193548385,0.2805520323809775,19.64499460844098,0.0,exponencial,True,0.19214684170288213,0
TINAMU,True,0,ECOPETROL S.A.,META,3.803030671,-73.70183065,32,570.9521381189086,373.58612903225804,929.1290322580645,0.40208207478387664,8.146510412738884,0.0,exponencial,True,0.5228626670482227,0
TISQUIRAMA,True,0,ECOPETROL S.A.,CESAR,8.039994854,-73.5913888,146,1172.6258759170696,705.5954838709678,2029.0967741935483,0.34773870465168044,11.296355540968106,0.0,exponencial,True,0.09085051391897371,0
TOCA,False,26,ECOPETROL S.A.,SANTANDER,7.719377183,-73.46993516,64,28.341444445547964,2.6451612903225805,48.61290322580645,0.054412740544127404,12.072141799374137,8.680655933577099e-09,exponencial,True,0.7301720884372065,0
TOCARIA,True,0,PERENCO COLOMBIA LIMITED,CASANARE,5.373533728,-72.15652385,146,328.27098450242244,98.2258064516129,2117.2,0.046394202933881024,12.990669143104416,0.9999999999999999,armónica,True,0.25173518292960684,0
TOLDADO,True,0,HOCOL S.A.,TOLIMA,3.873567826,-75.2781332,127,473.8681255617519,267.24387096774194,1108.6333333333334,0.24105704107255954,0.0011999928000272497,1.0,armónica,True,0.397902336860488,0
TONINA,False,37,SIERRACOL ENERGY ARAUCA LLC,ARAUCA,6.923675102,-71.14508026,36,21.007324202082266,8.892857142857142,31.964285714285715,0.2782122905027933,7.176280692298819,0.0,exponencial,True,0.273063586065366,0
TOQUI TOQUI,True,0,HOCOL S.A.,TOLIMA,4.590282193,-74.84374757,147,396.66174656143517,199.1190322580645,627.0,0.31757421412769454,19.80588678844024,1.0,armónica,True,0.06699828199930187,0
TORCAZ,False,101,CINCO RANCH PETROLEUM COLOMBIA INC SUCURSAL COLOMBIA.,CUNDINAMARCA,5.692108,-74.588114,46,31.76372637414012,1.6774193548387097,40.03225806451613,0.041901692183722805,16.927394381139504,0.9999999999999981,armónica,True,0.4553507794611071,0
TORITOS,True,0,GEOPARK COLOMBIA S.A.S.,META,4.371248597,-72.98093727,30,1880.8916519457246,4027.71935483871,4218.690967741935,0.9547320212920352,0.0011999928000272497,1.0,armónica,True,0.3885663050689517,0
TORO SENTADO,True,0,COLOMBIA ENERGY DEVELOPMENT CO ANTES HARKEN DE COLOMBIA II LIMITADA SUCURSAL COLOMBIA,META,4.341050224,-71.86768997,146,238.68648954099905,207.45290322580644,508.83870967741933,0.40769874476987444,0.0011999928000272497,1.0,armónica,True,0.08116482099146835,0
TORO SENTADO NORTE,True,0,COLOMBIA ENERGY DEVELOPMENT CO ANTES HARKEN DE COLOMBIA II LIMITADA SUCURSAL COLOMBIA,META,4.357888689,-71.85723553,146,316.77110949997353,423.7925806451613,464.8709677419355,0.9116348622579974,4.613614870998861,0.0,exponencial,True,0.05643372724628693,0
TORO SENTADO WEST,True,0,COLOMBIA ENERGY DEVELOPMENT CO ANTES HARKEN DE COLOMBIA II LIMITADA SUCURSAL COLOMBIA,META,4.335804068,-71.87965572,146,156.38824973043907,110.10290322580646,500.0357142857143,0.22019007858885656,0.0011999928000272497,1.0,armónica,True,0.09265687974149736,0
TOROS,False,40,PERENCO COLOMBIA LIMITED,CASANARE,5.429935,-71.209043,89,43.78605658983795,11.333333333333334,100.96666666666667,0.11224826675470452,12.023386551602744,0.0,exponencial,True,0.2748344742664222,0
TOROYACO,True,0,GRAN TIERRA ENERGY COLOMBIA GMBH SUCURSAL COLOMBIA,PUTUMAYO,1.009334318,-76.50814614,131,180.84918554846476,62.802258064516124,267.258064516129,0.23498732649366325,17.176927863766835,6.299623493688511e-08,exponencial,True,0.6538467808664012,0
TOTARE,True,0,HOCOL S.A.,TOLIMA,4.644622781,-74.92657062,131,65.57646891776434,70.99225806451614,91.80645161290323,0.7732817990161631,1.470369561409124,0.0,exponencial,True,0.4609924401786255,0
TOTUMAL,False,38,PAREX RESOURCES COLOMBIA LTD. SUCURSAL,CESAR,8.16833763,-73.60327374,64,62.1066932421606,4.580645161290323,596.1290322580645,0.0076839826839826845,3.8232925218188663,7.283676229606346e-07,exponencial,True,1.1660261623196648,0
TOY,False,18,HOCOL S.A.,TOLIMA,3.93742175,-75.3051948,77,93.53347284105268,95.5,159.1,0.6002514142049026,0.0011999928000272497,1.0,armónica,True,0.9884121098092928,0
TRINIDAD,False,30,PERENCO COLOMBIA LIMITED,CASANARE,5.49117907,-71.76223087,117,641.5491847768266,213.5,1240.741935483871,0.17207446117047553,23.12930527932001,0.0,exponencial,True,0.09097634438521081,0
TUA,True,0,GEOPARK COLOMBIA S.A.S.,CASANARE,4.416713283,-72.6619228,146,4764.929776812244,1338.0932258064515,11124.41935483871,0.12028432074744023,23.333501223502772,0.9999999999999979,armónica,True,0.3004573913330527,0
TUCUSO,False,32,"FRONTERA ENERGY COLOMBIA CORP., SUCURSAL COLOMBIA",CASANARE,5.053802843,-71.52876302,46,159.381620249783,6.709677419354839,494.56666666666666,0.013566780520364304,3.950451831838342,0.0,exponencial,True,1.0973955215759428,0
TULIPÁN,True,0,MONTAJES JM S.A.  - EN REORGANIZACION,CASANARE,5.423555,-71.297748,118,316.20825428846143,50.07290322580645,2696.8064516129034,0.01856748125022428,11.836083524017482,0.0,exponencial,True,0.7620039494526024,0
TURPIAL,True,0,TPL COLOMBIA LTD - SUCURSAL COLOMBIA ANTES PANATLANTIC COLOMBIA LTD SUCURSAL EN COLOMBIA,BOYACA,6.025533292,-74.5464498,88,113.85163397040482,31.059354838709677,369.8,0.0839896020516757,14.166616259965215,7.820709655156907e-09,exponencial,True,0.5898416286422391,0
UNDERRIVER,False,7,ECOPETROL S.A.,BOYACA,6.08836941,-74.58692106,140,2102.235770735436,984.1290322580645,4347.133333333333,0.22638574821523713,0.0011999928000272497,1.0,armónica,True,0.13991667837542116,0
UNIFICADO PALOGRANDE,True,0,ECOPETROL S.A.,HUILA,3.027123,-75.279999,35,2101.5846933592125,2338.1012903225806,2504.9083870967743,0.9334079052018642,2.1932995387171195,0.999999999999985,armónica,True,0.06460973562556119,0
UNIFICADO RÍO CEIBAS,True,0,ECOPETROL S.A.,HUILA,2.962196,-75.174269,25,585.2623433179724,787.2745161290322,787.2745161290322,1.0,0.001199992800038352,0.9999999945404373,armónica,True,0.0828697052592208,0
UNUMA,True,0,COLOMBIA ENERGY DEVELOPMENT CO ANTES HARKEN DE COLOMBIA II LIMITADA SUCURSAL COLOMBIA,META,4.066039981,-72.01484013,139,143.1960555845805,17.21451612903226,610.4,0.028202025113093478,72.91684483438733,0.9999999999999999,armónica,True,0.42109288680121226,0
VALDIVIA - ALMAGRO,True,0,IBEROAMERICANA DE HIDROCARBUROS ENERGY COLOMBIA S.A.S,META,3.905929,-72.661109,40,482.86914541951376,451.5451612903226,523.2903225806451,0.862896067069412,4.017925554080836,0.0,exponencial,True,0.02379637968145728,0
VALDIVIA ALMAGRO,False,41,IBEROAMERICANA DE HIDROCARBUROS ENERGY COLOMBIA S.A.S,META,3.90592903,-72.66110873,106,257.991088281179,227.16129032258064,344.9032258064516,0.6586232697343809,5.937384092420239,0.0,exponencial,True,0.07067278435916216,0
VELASQUEZ,True,0,MANSAROVAR ENERGY COLOMBIA LTD,BOYACA,6.016655,-74.49809864,147,3366.8355862793233,4476.543870967742,5224.066666666667,0.8569078759142447,0.0011999928000272497,1.0,armónica,True,0.04400478605008317,0
VENUS,True,0,HUPECOL OPERATING CO LLC,META,3.527075698,-72.96334797,60,305.4822508055688,406.7916129032258,830.5,0.48981530752947117,20.366510128438286,0.0,exponencial,True,1.0939999715179725,0
VIGIA,True,0,EMERALD ENERGY PLC SUCURSAL COLOMBIA,CASANARE,4.935477087,-72.1489333,146,406.8425072197346,196.4683870967742,1209.2,0.16247799131390522,29.300254419811335,0.9999999999999306,armónica,True,0.12639899517035574,0
VIGIA SUR,True,0,EMERALD ENERGY PLC SUCURSAL COLOMBIA,CASANARE,4.898482673,-72.15813796,146,1265.3996751255472,738.3974193548387,2036.4666666666667,0.36258753037360725,42.336910366835845,0.6970920971046726,hiperbólica,True,0.1296883551001048,0
VIKINGO,True,0,INTEROIL COLOMBIA EXPLORATION AND PRODUCTION ANTES MERCANTILE COLOMBIA OIL AND GAS MCOG,CASANARE,4.964166751,-71.31095846,98,199.5352481147393,94.88548387096773,616.3548387096774,0.15394619772858112,4.223933788215772,0.0,exponencial,True,0.5694553691622284,0
VIREO,True,0,PERENCO COLOMBIA LIMITED,CASANARE,5.032445107,-71.21842196,146,155.19674885010306,74.67677419354838,661.4333333333333,0.1129014375752886,11.214021838451826,0.0,exponencial,True,0.19024551787853444,0
VOLCANERA,False,57,ECOPETROL S.A.,CASANARE,5.358359265,-72.5168064,52,56.16529782786735,1.8333333333333333,96.51612903225806,0.018995098039215685,40.47111405514101,0.0,exponencial,True,0.8740509410440691,0
VONU,False,33,GRAN TIERRA ENERGY COLOMBIA GMBH SUCURSAL COLOMBIA,PUTUMAYO,0.966987725,-76.60480615,65,473.78309949598054,1.2333333333333334,2002.8064516129032,0.0006158025566275281,88.00543277581112,0.1474948532655153,hiperbólica,True,0.4773666304337506,0
YAGUARA,True,0,ECOPETROL S.A.,HUILA,2.618399174,-75.52680903,147,1752.611347574943,1106.0912903225808,2810.064516129032,0.39361775645146485,4.73901253704998,5.680089944378429e-08,exponencial,True,0.04869465970458164,0
YAGUAZO,True,0,"FRONTERA ENERGY COLOMBIA CORP., SUCURSAL COLOMBIA",CASANARE,5.572048408,-71.11324984,146,1015.7468862291364,236.58354838709678,3502.266666666667,0.06755155186748489,3.994901685466312,1.112744243483843e-07,exponencial,True,0.18535967267160675,0
YAMÚ,True,0,PERENCO OIL AND GAS COLOMBIA LIMITED.,CASANARE,5.645026,-71.740226,116,47.67968937845553,53.38354838709678,126.64516129032258,0.4215206316861947,0.0011999928000272497,1.0,armónica,True,0.6880516317154786,0
YARIGUÍ-CANTAGALLO,True,0,ECOPETROL S.A.,BOLIVAR,7.362492,-73.920238,147,16011.863244970747,12691.096451612902,21200.967741935485,0.5986092996363525,6.0213180485382045,1.0,armónica,True,0.0835802168681492,0
YATAY,True,0,"FRONTERA ENERGY COLOMBIA CORP., SUCURSAL COLOMBIA",META,4.307785212,-72.97043626,140,1496.9908096694742,1997.8877419354837,3800.451612903226,0.5256974553109137,23.516620207952066,1.0,armónica,True,0.3060927493038465,0
YENAC,True,0,"FRONTERA ENERGY COLOMBIA CORP., SUCURSAL COLOMBIA",CASANARE,4.650230451,-72.05887716,123,598.2341816917495,213.1274193548387,1796.516129032258,0.11863373554550025,15.436327655567549,1.166808927004681e-11,exponencial,True,0.21792497905482303,0
YOPO,False,79,"FRONTERA ENERGY COLOMBIA CORP., SUCURSAL COLOMBIA",CASANARE,5.284897992,-71.26077567,68,162.65762880791917,1.6451612903225807,626.0,0.002628053179429043,54.2134679473545,0.3354510293585268,hiperbólica,True,0.288190098242827,0
YURILLA,False,36,ECOPETROL S.A.,PUTUMAYO,0.700932,-76.41379154,96,135.7223350018539,8.35483870967742,358.06666666666666,0.023333193194034874,30.231650605797423,0.0,exponencial,True,1.2735022424872056,0
ZOE,True,3,GRAN TIERRA ENERGY COLOMBIA GMBH SUCURSAL COLOMBIA,CESAR,7.798432618666666,-73.59410324444445,90,2.5711288851222114,0.7403225806451613,23.548387096774192,0.03143835616438356,26.90678221545041,8.952205351602806e-07,exponencial,True,0.9467593086003079,0
ZOPILOTE,True,0,"FRONTERA ENERGY COLOMBIA CORP., SUCURSAL COLOMBIA",CASANARE,4.881532175,-71.95484541,146,1435.1775763976716,662.9380645161291,4802.5,0.138040200836258,10.44320652491849,0.9999999999999999,armónica,True,0.06336906182530638,0
ZORZAL,False,5,GEOPARK COLOMBIA S.A.S.,CASANARE,4.5070757708333336,-72.80099563333333,24,335.0519679052563,96.74193548387096,624.0322580645161,0.1550271387955544,12.87469347070812,4.006351963989883e-08,exponencial,True,0.9234617006073257,0
